148	1	埼玉県	1	8号水源	"9月8日から18日までの運転履歴が抜けているので、
時間の足し合わせをしてください。

行田市はオンプレ版の遠隔監視システムによる運用を行っている。"	"原因は、現地盤配線でCOM線が切れていたため運転情報をコルソス側に伝えることができなかった。
現在はCOM線をつなぎ直し運転のON/OFFを検知できている状態になっている。"	"処置としては、現地の履歴情報を確認し日報の再収集では運転情報が入らないことを確認し行田市のカサイ様に報告。
後日”時間の足し合わせ”を行う事となった。

この”時間の足し合わせ”というものについては備考欄参照。"	"ここで問題なのはこの運転時間の”足し合わせ”と呼ばれるものである。

事の発端は2019年4月17日、5月29日、5月30日において弊社現地担当者が、
運転時間の欠損（運転時間が00:00:00である状態）をメンテナンス会社から提供してもらった1日の運転時間から、
DBに書き込むという作業を行ったというものである。

行田市の保守内容がどうなっているか不明の為、昨年まで行田市障害時の対応をされていた奥村副G長に確認、以後の対応については一任することとする。
※余談であるが、この対応について本人は忘れていたようである。
※またこの作業を行ったという報告書も共有フォルダに見受けられない為ほかの社員がこれを対応するというのははっきり言って不可能である。
※更に、8号水源の状態についても社内での共有がなされていない為、結局1から現地状態を調べることになった。
※報告連絡相談という話を先輩社員からよく聞くが果たして本当にそれをやってる社員この会社にどれだけいるのか不思議である。

また以後誰でも行田市に遠隔で接続できるよう、資料を共有フォルダに作成した。
電話回線と変換用のケーブルまたは対応しているパソコンがあれば接続ができる。"	""	""	2020-09-23	06:30:00	1			2020-09-23	07:30:00	0	0	0	""	292	奥村副G長	0	2020-09-23 23:22:39.223374	2020-09-23 23:27:40.348618	14	526	1	222	"埼玉県,8号水源,9月8日から18日までの運転履歴が抜けているので、
時間の足し合わせをしてください。

行田市はオンプレ版の遠隔監視システムによる運用を行っている。,原因は、現地盤配線でCOM線が切れていたため運転情報をコルソス側に伝えることができなかった。
現在はCOM線をつなぎ直し運転のON/OFFを検知できている状態になっている。,処置としては、現地の履歴情報を確認し日報の再収集では運転情報が入らないことを確認し行田市のカサイ様に報告。
後日”時間の足し合わせ”を行う事となった。

この”時間の足し合わせ”というものについては備考欄参照。,ここで問題なのはこの運転時間の”足し合わせ”と呼ばれるものである。

事の発端は2019年4月17日、5月29日、5月30日において弊社現地担当者が、
運転時間の欠損（運転時間が00:00:00である状態）をメンテナンス会社から提供してもらった1日の運転時間から、
DBに書き込むという作業を行ったというものである。

行田市の保守内容がどうなっているか不明の為、昨年まで行田市障害時の対応をされていた奥村副G長に確認、以後の対応については一任することとする。
※余談であるが、この対応について本人は忘れていたようである。
※またこの作業を行ったという報告書も共有フォルダに見受けられない為ほかの社員がこれを対応するというのははっきり言って不可能である。
※更に、8号水源の状態についても社内での共有がなされていない為、結局1から現地状態を調べることになった。
※報告連絡相談という話を先輩社員からよく聞くが果たして本当にそれをやってる社員この会社にどれだけいるのか不思議である。

また以後誰でも行田市に遠隔で接続できるよう、資料を共有フォルダに作成した。
電話回線と変換用のケーブルまたは対応しているパソコンがあれば接続ができる。,,292,奥村副G長,行田市,未定,未定"	0							0	
149	1	福井県	1	高区、椙谷、北部、浜北山、低区	"日報収集に失敗している
・高区（24日～
・椙谷（21日～
・北部（24日～
・浜北山（21日～
・低区（24日のｱﾅﾛｸﾞ情報が取れない"	"いずれの施設も
OBS で Input/output error が発生している
"	"OBSの再起動
日報の定時収集にて収集されていることを確認した
"	"昨年は
・蔵作
・奈良瀬
の2ヶ所でOBSをMAに交換している
"	通常	年間保守	2020-09-24	00:30:00	1.5			2020-09-24	02:30:00	0	0	0	""	32	辻	0	2020-09-24 02:32:43.425063	2020-09-24 02:32:43.425063	7	805	1	115	""	0							0	
150	1	兵庫県	2	青野Ｐ９	"三田市下水道課タニモト様より（079-559-5122）
今朝から青野Ｐ９で日報収集ができない
"	"社内から呼び出すと話中になる
"	"現場の電話器から通話できるか確認いただくよう連絡しました
"	"9/29 15:40 未だに連絡無し
"	""	""	2020-09-28	07:00:00	0.5					0	0	0	""	32	""	0	2020-09-28 07:34:49.513234	2020-09-29 06:41:36.165445	7	1202	17	222	"兵庫県,青野Ｐ９,三田市下水道課タニモト様より（079-559-5122）
今朝から青野Ｐ９で日報収集ができない,社内から呼び出すと話中になる,現場の電話器から通話できるか確認いただくよう連絡しました,9/29 15:40 未だに連絡無し,,32,,三田市,日本ソフト開発株式会社,未定"	0							0	
152	1	福井県	1	下宇坂第2水源地	"
日報が今日の２時から取れていない

"	"2時台までは取れている
OBSの/nippou/20200929 ﾃﾞｨﾚｸﾄﾘで
ls: reading directory .: Input/output error
が出ている
"	"09:44 reboot
09:50 reboot成功
10:07 日報収集OK
"	"第2水源地は９/24にも同じ症状で再起動している
"	通常	年間保守	2020-09-29	00:15:00	0.5			2020-09-29	01:15:00	0	0	0	""	32	辻	0	2020-09-29 01:13:20.576428	2020-09-29 01:14:15.923626	7	805	1	222	"福井県,下宇坂第2水源地,
日報が今日の２時から取れていない
,2時台までは取れている
OBSの/nippou/20200929 ﾃﾞｨﾚｸﾄﾘで
ls: reading directory .: Input/output error
が出ている,09:44 reboot
09:50 reboot成功
10:07 日報収集OK,第2水源地は９/24にも同じ症状で再起動している,,32,辻,福井市,未定,未定"	0							0	
153	1	長野県	1	親局	"2020年9月29日1時50分頃メイン親局の仮想Linuxマシンが停止し、切り替えが発生した。
しかし、サブ側のautodaqprocess.rbがDBの接続に失敗し復旧対応するまで現況が取得できなかった。"	原因は不明、前触れなく停止し、午前8時40分頃のWindowsサーバのログオフ、ログインで起動したものと思われる。	2重化を再構築し復旧した。	""	""	""	2020-09-29	23:45:00	2			2020-09-29	02:00:00	0	0	0	""	282	""	0	2020-09-29 05:39:09.441773	2020-09-29 05:39:09.441773	16	887	1	222	""	0							0	
155	1	福井県	1	下宇坂第二　水質監視局　下宇坂　市波滅菌室	6日23時より市波滅菌室、7日3時より水質監視局の日報が取れない	OBSのInput Output Errorによるトレンドファイルが作成されない問題。	"遠隔にてOBSを再起動。

再起動後、OBSの所定の場所に本日分のトレンドデータ群が生成されることを確認し、
10時台の日報収集でデータが取れることを確認。"	"最近福井市のOBSの再起動をする機会が多くなった。

保守や非常時を考えると西（本社側）の人員に通信サーバからのメールを受け取ってもらえるようにしていただきたい。"	""	""	2020-10-07	00:00:00	1			2020-10-07	01:00:00	0	0	0	""	292	""	0	2020-10-07 01:17:48.299063	2020-10-07 01:17:48.299063	14	805	1	101	""	0							0	
1	1	北海道	1	""	""	""	""	""	""	""			0					0	0	0	""	1	営業Aさん　営業Bさん	1	2020-06-04 05:38:15.952111	2020-07-22 05:47:35.014029	3	2	1	123	北海道,,,,,,,1,営業Aさん　営業Bさん,札幌市,未定,achi_v	0							0	
9	1	鳥取県	1	田後加圧ポンプ場	鳥取電業飯野様より、通信異常が発生しており何らかの対策を行いたい。	ＬＭ－１００の再起動・ＳＩＭの抜き差しなどを行っていただく。	"現地到着いただいたところ、通信異常が復旧
アンテナを外に出していただくなど検討いただく。

アンテナを外に出してもらって改善した。"	""	通常	スポット保守	2020-06-12	07:00:00	0.5			2020-06-26	06:00:00	0	0	0	""	56	298	0	2020-06-15 07:48:10.973496	2020-08-07 02:31:20.4949	8	1301	1	71	"鳥取県,田後加圧ポンプ場,鳥取電業飯野様より、通信異常が発生しており何らかの対策を行いたい。,ＬＭ－１００の再起動・ＳＩＭの抜き差しなどを行っていただく。,現地到着いただいたところ、通信異常が復旧
アンテナを外に出していただくなど検討いただく。

アンテナを外に出してもらって改善した。,,,56,298,岩美町,未定,iwamicho"	0							0	
151	1	三重県	2	中里中部９号MP、小原一色１号MP	"通信異常が頻発する。
現地ルータは電源が入っているが「接続」ランプが消えている。「アンテナランプ」も消えている。"	"現地確認したところ、ポンプ盤の外に出ているアンテナ線が切断されていました。
ポンプ盤内でも電界強度に問題がなさそうだったので「821B-2.5-SMAP」へ交換し、盤内部に設置したところ通信異常が復旧した。"	薮の伐採作業を実施した後通信異常が発生したとのことで、伐採中にアンテナケーブルが切断されたようです。	""	""	""	2020-09-24	00:00:00	0	2020-09-24	07:30:00	2020-09-24	09:00:00	1.5	2	0	""	131	""	0	2020-09-28 08:50:22.717894	2020-09-28 08:50:22.717894	6	1074	17	222	""	0							0	
154	1	滋賀県	2	オンプレ親局	プロバイダからメール送信時のパスワード変更依頼があったため対応	""	"パスワードを変更
sofinet → sofinet2020　（レジストリと、xmail\MailRoot\userauth\smtp\mail.hcnet.tv.tab の２箇所）
IDとして、sofinet1とsofinet2があったが、実質sofinet1のみ使用中"	"バックアップを取得、持ち帰った
SofinetBackup20200929.zip
"	""	""	2020-09-29	00:00:00	0	2020-09-29	01:00:00	2020-09-29	02:30:00	1.5	1	0	""	50	""	0	2020-09-29 07:42:10.673442	2020-09-29 07:42:10.673442	10	1104	17	222	""	0							0	
157	1	長野県	2	親局（オンプレ）	"佐久市公共MP 10:30
今朝6時過ぎに停電があり親局も停止した
親局は電話線抜いて再起動し復旧した
（直後から警報受信したので親局も停止していたと思われる）
日報収集時刻と重なったので再度収集を開始しようと思う
ＤＸ、ＤＪの施設のみ収集することは可能か？
（Ｄ７施設は定時通報異常で停止してしまうと思われるため）
"	""	"\syusyu.exe AUTO　を遠隔より実行
"	""	通常	""	2020-10-10	01:30:00	1					0	0	0	""	32	斉田	0	2020-10-10 02:22:51.907678	2020-10-10 02:22:51.907678	7	866	17	222	""	0							0	
177	1	長野県	2	親局PC	"水ing　加藤様より
公共MPの日報収集が失敗するので調査してほしい
"	"親局接続しﾛｸﾞを確認したところComSrvに接続するがﾀｲﾑｱｳﾄしている
「全体の進行状況 138施設中 0施設完了」の状態から進んでいない
Calsrv_multi.exe が CPUを98%占有状態が継続している
"	"Calsrv_multi.exe を再起動し日報収集ﾀｽｸを起動しなおした
"	"昨日も同じ現象が発生しているようだ
"	通常	スポット保守	2020-12-17	22:28:00	1			2020-12-17	01:10:00	0	0	2	""	32	""	0	2020-12-17 01:15:13.436911	2020-12-17 01:15:13.436911	7	866	1	222	""	0							0	
178	1	岐阜県	2	板所３号	"板所３号で通信異常が発生している
ルータ：アンテナは3本点灯している、ハブのﾗﾝﾌﾟも点灯している（１と３）
コルソス：電源（AC100V）は入力している、スイッチも入っている、パワーランプが消灯している
板所3マンホールポンプ	通信異常	2020/12/20 11:05:54
"	"接続してみたところルータからコルソスに通信できずに再起動を繰り返している
20/12/20, 13:31:07,  Ping check error (lan)
電波状態は良好
70/01/01, 09:00:54,  ANTENNA_3
70/01/01, 09:00:54,  RSSI_14
コルソスの故障と判断した
"	"まず役所と相談していただくことで了承いただきました（いずれにしても費用がかかるため）
最短でいつ対応していただけるかと質問がありましたが対応できる日程については明日回答しますと伝えました
明日早々に連絡が欲しいということでした
岐北（ﾅｶﾞﾔ様）
09025759824

"	"予備機を持っていただくよう提案してはどうか
"	通常	スポット保守	2020-12-20	04:20:00	1					0	0	3	""	32	""	0	2020-12-20 05:22:37.60592	2020-12-20 05:22:37.60592	7	946	1	29	""	0							0	
47	1	岐阜県	5	新荒崎排水機場	ポンプが稼働しているにも関わらず、クラウド上で表示しない。	トクデン上田会長にて、コスソスの端子で短絡して頂いた所クラウド上に表示したため、配線である旨連絡。	トクデン様にて対応	""	通常	スポット保守	2020-06-19	03:00:00	0.5			2020-06-19		0	0	0	""	56	""	0	2020-06-19 06:33:54.213583	2020-07-22 05:47:35.428285	4	930	1	21	岐阜県,新荒崎排水機場,ポンプが稼働しているにも関わらず、クラウド上で表示しない。,トクデン上田会長にて、コスソスの端子で短絡して頂いた所クラウド上に表示したため、配線である旨連絡。,トクデン様にて対応,,,56,,大垣市,未定,oogaki_c	0							0	
43	1	鳥取県	1	中山地区の中山第一配水池	"鳥取電業　オムラ様より
電話:0859-22-6101
コルソス停電が出ない
"	"コルソスの設定はされている（10秒）
昨年9月20日に発報された履歴はある（ｸﾗｳﾄﾞとｺﾙｿｽ）
"	"他の施設とバッテリーを交換して警報テストをしたところ
中山第1のバッテリーが問題であることが分かった
同じような施設はもう1施設あり赤松配水池も調査した。
どちらもNECに連絡してバッテリーを新調していただく予定です。

警報すら出ないのは困るので対処法をNECに頼む予定とのこと。
詳しい内容は長くなるので共有の保守記録辺りに保存"	"確認事項
10秒以上停電されているか→もっと長く出している
コルソスを接続している4本線について→昨年から工事などしていない
コルソスのランプについて→電源ユニットのBATTERYﾗﾝﾌﾟは点灯するが電圧が低いようだ
※電圧が低いというのは基本が24Vに対してバッテリー駆動の場合は11V前後になることなので問題はない。ローバッテリーは9Vを切ったあたりで出ます。


20200807追記
鳥取電業→NEC→パナソニックと話が流れて調査したところ
バッテリーの端子部が腐食していたらしい
高温多湿の場所は控えるか環境を改善することで解決するかも

CSDJは2年交換、CSDXは3年交換ということで日南町は3年交換のシールを貼っていた。
日南は今年で3年目で今年に一括でバッテリーを交換する予定
日本ソフトでも同じことがあるかもしれないので聞いたら教えていただけた。
"	通常	""	2020-06-16	06:45:00	7.5			2020-06-16	07:30:00	0	0	0	""	32	298	0	2020-06-16 07:31:20.917303	2020-08-07 02:29:14.781723	8	1310	1	130	"鳥取県,中山地区の中山第一配水池,鳥取電業　オムラ様より
電話:0859-22-6101
コルソス停電が出ない,コルソスの設定はされている（10秒）
昨年9月20日に発報された履歴はある（ｸﾗｳﾄﾞとｺﾙｿｽ）,他の施設とバッテリーを交換して警報テストをしたところ
中山第1のバッテリーが問題であることが分かった
同じような施設はもう1施設あり赤松配水池も調査した。
どちらもNECに連絡してバッテリーを新調していただく予定です。

警報すら出ないのは困るので対処法をNECに頼む予定とのこと。
詳しい内容は長くなるので共有の保守記録辺りに保存,確認事項
10秒以上停電されているか→もっと長く出している
コルソスを接続している4本線について→昨年から工事などしていない
コルソスのランプについて→電源ユニットのBATTERYﾗﾝﾌﾟは点灯するが電圧が低いようだ
※電圧が低いというのは基本が24Vに対してバッテリー駆動の場合は11V前後になることなので問題はない。ローバッテリーは9Vを切ったあたりで出ます。


20200807追記
鳥取電業→NEC→パナソニックと話が流れて調査したところ
バッテリーの端子部が腐食していたらしい
高温多湿の場所は控えるか環境を改善することで解決するかも

CSDJは2年交換、CSDXは3年交換ということで日南町は3年交換のシールを貼っていた。
日南は今年で3年目で今年に一括でバッテリーを交換する予定
日本ソフトでも同じことがあるかもしれないので聞いたら教えていただけた。,,32,298,大山町,未定,daisencho"	0							0	
158	1	長野県	1	常田処理場後MP	通信ができない状態になっている。	"親局の現在状態表示を行っても接続ができない。
子局の電話番号に直接電話するが通話中の為つながらない。"	"現地子局の再起動を行う。

結果：変わらず。

水ingの方から現地コルソスのCHECKランプが点灯していると報告を受け、
一度回線の調査をお願いすることとなった。"	""	""	""	2020-10-12	06:40:00	0					0	0	0	""	292	""	0	2020-10-12 07:07:31.470951	2020-10-12 07:07:31.470951	14	866	1	222	""	0							0	
90	1	兵庫県	2	余田処理施設	現況画面の現況取得時間が5分ほど遅れていた	"opbの時刻合わせ処理が正常に実行されていなかった
ntp-q.confの処理がいつまでも実行中なのが原因だった"	"ntp自動処理をstopさせ
ps ax|grep ntpで実行中の処理を確認
実行中だったntp-q.confの処理をkillする
手動でntp処理を実行
日付があってるのを確認後ntp自動処理を再スタート"	"使用したコマンド
ps ax|grep ntp　　　　 ntpの実行中処理確認
/etc/init.d/ntp stop 　　ntp自動処理停止
/etc/init.d/ntp start 　　ntp自動処理停止
kill　　　　　　　　　 処理停止"	""	""	2020-08-24		0			2020-08-24		0	0	0	""	309	""	0	2020-08-31 03:52:50.563762	2020-10-13 00:56:33.328621	12	1218	20	12	"兵庫県,余田処理施設,現況画面の現況取得時間が5分ほど遅れていた,opbの時刻合わせ処理が正常に実行されていなかった
ntp-q.confの処理がいつまでも実行中なのが原因だった,ntp自動処理をstopさせ
ps ax|grep ntpで実行中の処理を確認
実行中だったntp-q.confの処理をkillする
手動でntp処理を実行
日付があってるのを確認後ntp自動処理を再スタート,使用したコマンド
ps ax|grep ntp　　　　 ntpの実行中処理確認
/etc/init.d/ntp stop 　　ntp自動処理停止
/etc/init.d/ntp start 　　ntp自動処理停止
kill　　　　　　　　　 処理停止,,309,,福崎町,NECプラットフォームズ株式会社,fukusaki"	0							0	
159	1	広島県	2	全機場	"ヤシマコントロールの片山様より
西部水資源管轄のMP場で現在状況が接続できないと役所より連絡が有った
手元のIPATであさひがおかMPを表示してみると
エラー発生のメッセージが出て閉じると10/7の日付になっている
他の施設もみたところはすべて表示できなくなっているので調査してほしい

"	"
現況取得できない
"	広島、繋がるようになりました。原因は、config/parameters/hiroshima_c.ymlの設定不具合でした。これまでの作業的にあまりなさそうな不具合でしたが、念のため他のユーザーキーでも発生していないか確認します。	"
今回のバージョンアップとは関係無いと思われます
西と東でファイルに差異があるのはなぜでしょうか
"	通常	スポット保守	2020-10-14	00:03:00	0.5			2020-10-14	00:30:00	0	0	0	""	32	""	0	2020-10-14 04:54:24.432274	2020-10-14 04:54:24.432274	7	1365	1	25	""	0							0	
160	1	長野県	2	浅科ヤワタ２号、望月オトヤ	"水ing（09029352839）より
浅科ヤワタ２号
・10/15からデータが取れていない、アラームチェックランプが点いている
望月オトヤ
・アラームチェックランプが点いている
調査して欲しい"	"浅科ヤワタ２号：呼び出しするがフックがあがらない
望月オトヤ：話中になる

いずれも電話回線の異常と思われます
"	"
現地盤の電話器より電話がかけられるかチェックしていただくよう依頼しました
"	""	通常	年間保守	2020-10-19	02:00:00	0.5					0	0	0	""	32	""	0	2020-10-19 03:58:43.198933	2020-10-19 03:58:43.198933	7	866	1	222	""	0							0	
161	1	大阪府	2	[No66]帝塚山中4丁目MP	通信異常が頻発する。	ルータのログを確認すると「CSQ_COMMAND_ERROR_REBOOT」を繰り返し出力しており、これのリブートのタイミングと日報取得が重なったときに通信異常が発生している。	「CSQ_COMMAND_ERROR_REBOOT」はモジュールからの応答が無いときに出力されるのでモジュールの劣化の可能性が高いので交換をお薦めした。	""	通常	スポット保守	2020-11-02	01:00:00	0.25			2020-11-02	01:10:00	0	0	0	""	131	""	0	2020-11-02 01:05:52.634063	2020-11-02 01:05:52.634063	6	1140	1	17	""	0							0	
162	1	大阪府	1	[No66]帝塚山中4丁目MP	"10月に入ってから通信異常が頻発
施設名称　　　　　　　　　　　　　　発生時刻　　　　　　　復旧時刻
[No66]帝塚山中4丁目MP	通信異常	2020/11/04 11:17:57	2020/11/04 12:11:25
[No66]帝塚山中4丁目MP	通信異常	2020/11/04 00:17:55	2020/11/04 01:08:21
[No66]帝塚山中4丁目MP	通信異常	2020/10/31 09:17:54	2020/10/31 10:24:18
[No66]帝塚山中4丁目MP	通信異常	2020/10/29 22:17:53	2020/10/29 22:29:25
[No66]帝塚山中4丁目MP	通信異常	2020/10/27 03:17:48	2020/10/27 04:11:20
[No66]帝塚山中4丁目MP	通信異常	2020/10/26 22:17:52	2020/10/26 22:34:28
[No66]帝塚山中4丁目MP	通信異常	2020/10/20 20:17:43	2020/10/20 20:23:38
[No66]帝塚山中4丁目MP	通信異常	2020/10/17 03:17:36	2020/10/17 03:34:58
[No66]帝塚山中4丁目MP	通信異常	2020/10/15 18:17:41	2020/10/15 19:35:33
[No66]帝塚山中4丁目MP	通信異常	2020/10/14 04:17:37	2020/10/14 04:24:01"	"HL-330BTのログを調査したところ
「CSQ_COMMAND_ERROR REBOOT」で再起動されています。
取り扱い説明書によると
「モジュールからアンテナ取得コマンドに対する応答がありませんでした。　本体とモジュールを再起動します。」

"	"INDの小川様に状況を説明し再起動を防ぐ方法無いか問合せました。
回答：
お問い合わせ頂いた件、動作ログの「CSQ_COMMAND_ERROR REBOOT」につきましては
回線切断後にHL330-BT内部に実装されている通信モジュールに対して、
アンテナ状態の取得コマンドを投げた際に応答が無いため再起動を行ったことを示しております。
この再起動については、HL330-BTの補償機能による再起動になりますので、
設定等で対応することが出来ないため、防ぐ方法は現状ございません。
もし可能であれば製品故障の可能性もありますので、
他の機器と交換を実施して状況に変化があるか、ご確認頂くことは出来ませんか？"	"クリアウォーターOSAKA（株）住之江管路管理センター
マスだ様より連絡TEL:090-2592-8981

他の機器と交換する方向に？"	通常	""	2020-10-30		1.5					0	0	0	""	315	三部さん	0	2020-11-04 07:32:23.945649	2020-11-04 07:32:23.945649	5	1140	1	17	""	0							0	
2	2	""	4	""	""	""	""	""	""	""			0					0	0	0	""	1	""	1	2020-06-04 05:38:35.500845	2020-07-22 05:47:35.050859	3	1789	2	44	,,,,,,,1,,JR東日本ビルテック,白兎環境開発,aoyamaeco	0							0	
179	1	山口県	2	仁保上中郷処理区３５施設　仁保下郷１施設	"12月20日15時位から36施設で一斉に通信異常が発生した。
機器：HL330、回線：Forma
"	"NTTコミュニケーションズへ問い合わせを行ったところ、NTT側で回線異常が発生していてたとの事。
12月22日18時～19時の間に半数の施設が復旧し、12月22日9時40分の時点で、全施設が復旧。
回線異常の詳細や、発生した原因については、NTTが情報開示していないとの事。"	""	"役場の担当は下水道課　中村様（083-925-8469）

"	通常	""	2020-12-21	04:30:00	5			2020-12-22	02:00:00	0	0	44	""	123	""	0	2020-12-22 02:11:02.507531	2020-12-22 02:24:01.285508	3	1391	1	69	"山口県,仁保上中郷処理区３５施設　仁保下郷１施設,12月20日15時位から36施設で一斉に通信異常が発生した。
機器：HL330、回線：Forma,NTTコミュニケーションズへ問い合わせを行ったところ、NTT側で回線異常が発生していてたとの事。
12月22日18時～19時の間に半数の施設が復旧し、12月22日9時40分の時点で、全施設が復旧。
回線異常の詳細や、発生した原因については、NTTが情報開示していないとの事。,,役場の担当は下水道課　中村様（083-925-8469）
,,123,,山口市,未定,yamaguchi_c"	0							0	
61	1	鳥取県	2	丹比中央浄化センター	通信異常となり、現況・日報ともに取得できない	現地で電源工事が行われていた為	電源工事復旧待ち	""	""	""	2020-07-09		0.5			2020-07-08		0	0	0	""	56	洪	0	2020-07-09 06:22:38.232975	2020-07-22 05:47:35.761737	4	1304	1	134	鳥取県,丹比中央浄化センター,通信異常となり、現況・日報ともに取得できない,現地で電源工事が行われていた為,電源工事復旧待ち,,,56,洪,八頭町,未定,yazucho	0							0	
3	1	北海道	1	""	""	""	""	""	""	""			0					0	0	0	""	123	""	1	2020-06-05 00:23:22.584384	2020-07-22 05:47:35.073288	3	5	5	207	北海道,,,,,,,123,,旭川市,柳井電機工業株式会社,date_c	0							0	
62	1	岐阜県	1	雀子ケ根第１MP	通信異常の待ち時間が長いため短くしてほしい	"土砂崩れが発生する可能性があり２時間以上遅れるのは問題があるため
"	"待ち時間を０分に変更した（変更前は200分）
（T_SHORI　の　F_COMERROR_LIMIT）
2020/07/15：丸池市営住宅MPも０分に設定しました
・2020/07/17水ingさんに待ち時間の説明時に実証試験をしたいため（宮本依頼）
・2020/07/17説明の結果全施設待ち時間を０分にすることになりました（同日設定変更完了）"	"土砂崩れで施設が崩壊してもコルソスバッテリーで稼働しているうちは通信異常にはならないと思いますけど。
そのままよりは早くなるので設定変更することになりました。
"	通常	スポット保守	2020-07-09	04:00:00	0.5			2020-07-09	08:30:00	0	0	0	""	32	""	0	2020-07-09 08:25:25.254096	2020-07-22 05:47:35.784293	7	938	1	39	"岐阜県,雀子ケ根第１MP,通信異常の待ち時間が長いため短くしてほしい,土砂崩れが発生する可能性があり２時間以上遅れるのは問題があるため,待ち時間を０分に変更した（変更前は200分）
（T_SHORI　の　F_COMERROR_LIMIT）
2020/07/15：丸池市営住宅MPも０分に設定しました
・2020/07/17水ingさんに待ち時間の説明時に実証試験をしたいため（宮本依頼）
・2020/07/17説明の結果全施設待ち時間を０分にすることになりました（同日設定変更完了）,土砂崩れで施設が崩壊してもコルソスバッテリーで稼働しているうちは通信異常にはならないと思いますけど。
そのままよりは早くなるので設定変更することになりました。,,32,,恵那市,未定,ena_gesui"	0							0	
75	1	和歌山県	2	オンプレ親局	"1 朝、親局サーバーの電源が切れている。
2 リモートコントロール用のモデムが着信しない。"	"1 夜間冷房が切れている時間帯にサーバー内部の温度が上昇し、サーバー監視ソフトにより強制終了されていました。内部温度は93℃で終了する設定になっています。（変更不可）
2 モデムの故障です。（一瞬OHが点灯するが、直ぐに消える。一瞬すぎてNTT局も反応していないので話中にもならない）"	"1 各部ファンに積もったホコリを取り払い、改善されるか見てもらいます。改善がなければハード故障と判断できます。
2 1の件もあり、保守用モデムと仮交換しました。見積後新品交換してもらいます。"	Sofinetフォルダ以下と、DBのバックアップを取得しています。	""	""	2020-07-28	02:00:00	0	2020-07-29	04:00:00	2020-07-29	06:30:00	2.5	6	0	""	50	""	0	2020-07-30 00:53:56.811735	2020-07-30 00:55:08.733399	10	1283	17	222	"和歌山県,オンプレ親局,1 朝、親局サーバーの電源が切れている。
2 リモートコントロール用のモデムが着信しない。,1 夜間冷房が切れている時間帯にサーバー内部の温度が上昇し、サーバー監視ソフトにより強制終了されていました。内部温度は93℃で終了する設定になっています。（変更不可）
2 モデムの故障です。（一瞬OHが点灯するが、直ぐに消える。一瞬すぎてNTT局も反応していないので話中にもならない）,1 各部ファンに積もったホコリを取り払い、改善されるか見てもらいます。改善がなければハード故障と判断できます。
2 1の件もあり、保守用モデムと仮交換しました。見積後新品交換してもらいます。,Sofinetフォルダ以下と、DBのバックアップを取得しています。,,50,,日高町,日本ソフト開発株式会社,未定"	0							0	
4	1	大阪府	2	西面北MP1	定期点検の際、コルソスの電源を切断したら「コルソス停電」状態にならず（電源ユニットは停電ランプ点灯）通信ユニットのランプがチラチラ点滅し起動しなくなった。	SDカード抜差し、主電源OFF/ONでも復旧しなかったため、本体故障と判断し、保守品と交換。	NECプラットフォームズに修理見積もりを依頼中（6月3日依頼）。見積もり次第で修理または新品交換になります。	""	通常	年間保守	2020-06-01	04:00:00	1	2020-06-02	04:00:00	2020-06-02	04:00:00	1	1	16	AH02	131	315	0	2020-06-05 03:34:49.237998	2020-07-22 05:47:35.096401	3	1147	1	222	大阪府,西面北MP1,定期点検の際、コルソスの電源を切断したら「コルソス停電」状態にならず（電源ユニットは停電ランプ点灯）通信ユニットのランプがチラチラ点滅し起動しなくなった。,SDカード抜差し、主電源OFF/ONでも復旧しなかったため、本体故障と判断し、保守品と交換。,NECプラットフォームズに修理見積もりを依頼中（6月3日依頼）。見積もり次第で修理または新品交換になります。,,AH02,131,315,高槻市,未定,未定	0							0	
5	1	兵庫県	2	下相野MP4（ハネロン３G）	警報が通報されない	"2020年1月14日ごろより通報が出ない状態になっている。
現地確認したところ、「自動通報」スイッチが切状態になっており、切状態であると興津線が断状態になることから信号が検出できない状態になっていた。"	「自動通報」スイッチを入に切り替えて通報動作を確認した。	三田市下水道課谷本さん、伊桜さんに内容をお伝えしました。	通常	スポット保守	2020-06-12	00:00:00	0.5	2020-06-12	06:00:00	2020-06-12	06:30:00	0.5	4	6	""	131	""	0	2020-06-12 06:26:31.070949	2020-07-22 05:47:35.120398	6	1202	1	70	"兵庫県,下相野MP4（ハネロン３G）,警報が通報されない,2020年1月14日ごろより通報が出ない状態になっている。
現地確認したところ、「自動通報」スイッチが切状態になっており、切状態であると興津線が断状態になることから信号が検出できない状態になっていた。,「自動通報」スイッチを入に切り替えて通報動作を確認した。,三田市下水道課谷本さん、伊桜さんに内容をお伝えしました。,,131,,三田市,未定,sanda_c"	0							0	
6	1	熊本県	1	笹尾浄水場	施設のメンテナンスのため、通報をしばらく止めたい	コルソスから音声通報が出る設定になっていたので音声を止めたいとのことであったが、しばらく後にもとに戻したいとのことだったので、「モード２」への切り替えで通報がとめられることを伝えたところ、「これで運用します」とのことだった。	コルソスの設定で止める場合は再度連絡いただきます。その際の費用についてはNECプラットフォームズと相談してから作業を決定することをお伝えしています。	電話対応のみ	通常	スポット保守	2020-06-11		0.25	2020-06-11		2020-06-11		0	0	0	""	131	""	0	2020-06-12 06:31:37.653563	2020-07-22 05:47:35.183406	6	1656	1	13	熊本県,笹尾浄水場,施設のメンテナンスのため、通報をしばらく止めたい,コルソスから音声通報が出る設定になっていたので音声を止めたいとのことであったが、しばらく後にもとに戻したいとのことだったので、「モード２」への切り替えで通報がとめられることを伝えたところ、「これで運用します」とのことだった。,コルソスの設定で止める場合は再度連絡いただきます。その際の費用についてはNECプラットフォームズと相談してから作業を決定することをお伝えしています。,電話対応のみ,,131,,苓北町,未定,reihokucho	0							0	
7	1	兵庫県	3	中地ポンプ場	"通信障害が発生した
日報が作成されていない
現況画面も更新されない
"	"OBSの故障
・社内から接続できない
・現地に北山工商大西様に行っていただき調査いただいたところOBSのﾗﾝﾌﾟが全点灯していた"	"OBSは在庫に無いためMAE/NLに置き換えた
現地にて作業実施
"	"予備機を置いていただくよう役所に提案した
"	通常	スポット保守	2020-06-04		6	2020-06-11		2020-06-11		3	7	192	""	32	""	0	2020-06-15 00:21:41.728432	2020-07-22 05:47:35.227351	7	1185	17	222	"兵庫県,中地ポンプ場,通信障害が発生した
日報が作成されていない
現況画面も更新されない,OBSの故障
・社内から接続できない
・現地に北山工商大西様に行っていただき調査いただいたところOBSのﾗﾝﾌﾟが全点灯していた,OBSは在庫に無いためMAE/NLに置き換えた
現地にて作業実施,予備機を置いていただくよう役所に提案した,,32,,姫路市,日本ソフト開発株式会社,未定"	0							0	
8	1	兵庫県	2	藍本浄化センター	中央親局から接続できない。現場の電話機からは発信できる。	"社内から接続しようとすると「話中」状態になる。電話機を子機本体から切り離して接続すると正常に接続できる。
電話機または子機のTELポートの不具合の可能性が有る。"	"運用に差し支えなければ電話機を切り離して運用いただくこととした。
原因の切り分けには正常な別の電話機と取り換えて、子機の異常か電話機の異常かを調べる必要があることを伝えた。"	三田市下水道課奥さんより問い合わせ。	通常	スポット保守	2020-06-15	01:00:00	0.25			2020-06-15	01:10:00	0	0	0	""	131	""	0	2020-06-15 01:10:12.217197	2020-07-22 05:47:35.251891	6	1202	1	222	"兵庫県,藍本浄化センター,中央親局から接続できない。現場の電話機からは発信できる。,社内から接続しようとすると「話中」状態になる。電話機を子機本体から切り離して接続すると正常に接続できる。
電話機または子機のTELポートの不具合の可能性が有る。,運用に差し支えなければ電話機を切り離して運用いただくこととした。
原因の切り分けには正常な別の電話機と取り換えて、子機の異常か電話機の異常かを調べる必要があることを伝えた。,三田市下水道課奥さんより問い合わせ。,,131,,三田市,未定,未定"	0							0	
180	1	鳥取県	1	田河内浄水場	"2020/12/15 14:08:46
に通信異常が発生して現地とつながらないので調べてほしい
連絡を受けた時点ではHL-330にアクセスできて
コルソスにアクセスできない。
"	"HUBかかコルソスかLANケーブルの故障と考えて現地に行っていただくように連絡を返す。
HL-330のHUB3番とコルソスで接続していたが
HUBの接続口のLEDとコルソスのLANが点灯していない状態だった。
HL-330とHUBの接続の部分とHUB自体は問題なかった。


"	"2020/12/16の昼頃に現地に岩美町の方が到着。
LANケーブルの抜き差しで解決しなかったのでコルソスのLANの故障かと考えたが、
HUBの残りの部分に刺し直していないことが分かったのでそこに入れてもらうと復旧した。
その後日報収集で管理帳票を取り直せた。

"	""	通常	""	2020-12-16	00:30:00	0.75			2020-12-16	05:00:00	0	0	0	""	298	""	0	2020-12-23 00:28:19.127876	2020-12-23 00:28:19.127876	8	1301	1	71	""	0							0	
42	1	岐阜県	1	""	"大井長島MPにて通信異常が発生
4月19日から通信異常の発生と復旧が繰り返されている
今年の１月に導入したばかりの施設
"	"LM-100がﾓｼﾞｭｰﾙｴﾗｰで停止している
"	"LM-100を交換した
"	"お客様手持ちのLM-100や保守品のLM-100を2回程交換したが復旧しなかった
今回新品と交換した（SIMは保守用）
何回も交換したことで不信に思われ全箇所電波調査し報告することになった
"	クレーム	スポット保守	2020-05-31		0			2020-05-27	02:58:00	0	0	0	""	32	""	0	2020-06-16 05:52:24.118056	2020-07-22 05:47:35.304413	4	938	1	39	"岐阜県,,大井長島MPにて通信異常が発生
4月19日から通信異常の発生と復旧が繰り返されている
今年の１月に導入したばかりの施設,LM-100がﾓｼﾞｭｰﾙｴﾗｰで停止している,LM-100を交換した,お客様手持ちのLM-100や保守品のLM-100を2回程交換したが復旧しなかった
今回新品と交換した（SIMは保守用）
何回も交換したことで不信に思われ全箇所電波調査し報告することになった,,32,,恵那市,未定,ena_gesui"	0							0	
64	1	三重県	2	オンプレ 名1-0A1	OpenblocksのLEDがリセット後全点灯し、通信できない。	OpenblockのFlashROM故障	"廃止になった施設のOpenblocksと交換しました。
　変更点　/var/www/params/以下のファイル
　　　　　/etc/network/interfacesのIPアドレス"	"元のOpenblocksはA7だった。
廃止になった施設のOpenblocksはA6とA7があったが、A7は故障していたためA6で置き換えた。
施設が停止していた時間は不明"	通常	年間保守	2020-07-14	04:00:00	1	2020-07-14	07:00:00	2020-07-14	08:00:00	1	4	6	""	50	""	0	2020-07-15 02:34:57.73241	2020-07-22 05:47:35.839474	10	1069	17	222	"三重県,オンプレ 名1-0A1,OpenblocksのLEDがリセット後全点灯し、通信できない。,OpenblockのFlashROM故障,廃止になった施設のOpenblocksと交換しました。
　変更点　/var/www/params/以下のファイル
　　　　　/etc/network/interfacesのIPアドレス,元のOpenblocksはA7だった。
廃止になった施設のOpenblocksはA6とA7があったが、A7は故障していたためA6で置き換えた。
施設が停止していた時間は不明,,50,,名張市,日本ソフト開発株式会社,未定"	0							0	
44	1	京都府	5	""	"日本ソフト開発株式会社　御中

いつもお世話になっております。
宮津市浜町排水機場に導入しましたクラウド監視システムの異常警報について、
・通信異常
が発生しますが、どのような異常でしょうか？
発生後に時間が経てば復旧します。
回答をお願いします。

 ★☆★☆★☆★☆★☆★☆★☆★☆★☆★☆★
 
〒626-8501　京都府宮津市字柳縄手345-1
  　　　　　　　　 宮津市　建設部
                   　土木管理課　土木係　上田　忠志
            TEL      (0772)22-2121(代表)
 　　　　　　　　　　(0772)45-1629(直通)　
            FAX      (0772)22-2890
            E-mail   t-ueda@city.miyazu.kyoto.jp
            URL      http://www.city.miyazu.kyoto.jp
 
  ★☆★☆★☆★☆★☆★☆★☆★☆★☆★☆★"	T_SHORIの通信異常間隔が０になっていた	６５分に設定する。	""	通常	スポット保守	2020-06-17		0.5			2020-06-17		0	0	0	""	56	浦辻Ｅ、三部、中村	0	2020-06-17 05:11:09.09424	2020-07-22 05:47:35.349362	4	1118	1	160	"京都府,,日本ソフト開発株式会社　御中

いつもお世話になっております。
宮津市浜町排水機場に導入しましたクラウド監視システムの異常警報について、
・通信異常
が発生しますが、どのような異常でしょうか？
発生後に時間が経てば復旧します。
回答をお願いします。

 ★☆★☆★☆★☆★☆★☆★☆★☆★☆★☆★
 
〒626-8501　京都府宮津市字柳縄手345-1
  　　　　　　　　 宮津市　建設部
                   　土木管理課　土木係　上田　忠志
            TEL      (0772)22-2121(代表)
 　　　　　　　　　　(0772)45-1629(直通)　
            FAX      (0772)22-2890
            E-mail   t-ueda@city.miyazu.kyoto.jp
            URL      http://www.city.miyazu.kyoto.jp
 
  ★☆★☆★☆★☆★☆★☆★☆★☆★☆★☆★,T_SHORIの通信異常間隔が０になっていた,６５分に設定する。,,,56,浦辻Ｅ、三部、中村,宮津市,未定,miyazu_c"	0							0	
45	1	滋賀県	2	花沢処理場	「通信異常」が発生する	"16日に告知端末をスマイルネットにて交換してから親局と子局との疎通が取れなくなった。
告知端末を交換したことによって固定IPではなくDHCPになり、IPアドレスが変わってしまった。
"	"東近江市安嶋さんと協議し、とりあえず現在取得しているIPアドレスにて運用することになった。
DHCPなので
１．いつIPアドレスが変わってしまうかわからないこと
２．固定IPアドレスでの運用が前提なので今回ケース同様の障害は保守契約範囲外になること
を伝えて改めてスマイルネットに固定IPに戻せないか交渉いただくことにした。

"	現在、平松処理場が停止しているため平松処理場の告知端末を使用することで固定IP化できるのであれば利用したいとのことでした。	通常	年間保守	2020-06-17	00:00:00	0.5	2020-06-17	04:00:00	2020-06-17	07:00:00	3	2	5	""	131	""	0	2020-06-17 10:02:51.366072	2020-07-22 05:47:35.373416	6	1104	1	222	"滋賀県,花沢処理場,「通信異常」が発生する,16日に告知端末をスマイルネットにて交換してから親局と子局との疎通が取れなくなった。
告知端末を交換したことによって固定IPではなくDHCPになり、IPアドレスが変わってしまった。,東近江市安嶋さんと協議し、とりあえず現在取得しているIPアドレスにて運用することになった。
DHCPなので
１．いつIPアドレスが変わってしまうかわからないこと
２．固定IPアドレスでの運用が前提なので今回ケース同様の障害は保守契約範囲外になること
を伝えて改めてスマイルネットに固定IPに戻せないか交渉いただくことにした。
,現在、平松処理場が停止しているため平松処理場の告知端末を使用することで固定IP化できるのであれば利用したいとのことでした。,,131,,東近江市,未定,未定"	0							0	
46	1	三重県	2	田端上野第2ポンプ場	"田端上野第2ポンプ場の通信異常が復旧しない
"	"6月17日の朝から通信異常と復旧を繰り返しており最終11:12から復旧していない
社内から接続できない
LM-100の故障と判断した
故障の原因は不明
"	"LM-100を交換する方向で進めている
2020/06/19現在役所にて検討中であり回答待ちとなっている
"	"新品交換するか修理対応するか、またこちらから行くと見積もりが高くなるため（修理対応となると２回行くことになり）役所にて交換できないかなどについて役所内で検討中です
"	通常	スポット保守	2020-06-17	07:00:00	1					0	0	0	""	32	宮本	0	2020-06-19 01:46:39.264333	2020-07-22 05:47:35.403225	7	1063	1	64	"三重県,田端上野第2ポンプ場,田端上野第2ポンプ場の通信異常が復旧しない,6月17日の朝から通信異常と復旧を繰り返しており最終11:12から復旧していない
社内から接続できない
LM-100の故障と判断した
故障の原因は不明,LM-100を交換する方向で進めている
2020/06/19現在役所にて検討中であり回答待ちとなっている,新品交換するか修理対応するか、またこちらから行くと見積もりが高くなるため（修理対応となると２回行くことになり）役所にて交換できないかなどについて役所内で検討中です,,32,宮本,津市,未定,tsu_c"	0							0	
48	1	滋賀県	2	親局	全施設の日報収集ができない。	"W95版側通信PGが終了していました。
"	通信PGを起動しました。	通信PGが終了した原因は不明ですが、終了した時刻から、手動で終了された可能性が高い。	""	""	2020-06-18	08:00:00	1			2020-06-18	09:00:00	0	0	0	""	50	""	0	2020-06-19 06:40:45.318522	2020-07-22 05:47:35.451466	1	1106	17	222	滋賀県,親局,全施設の日報収集ができない。,W95版側通信PGが終了していました。,通信PGを起動しました。,通信PGが終了した原因は不明ですが、終了した時刻から、手動で終了された可能性が高い。,,50,,日野町,日本ソフト開発株式会社,未定	0							0	
191	1	福井県	2	上志比西部地区農業集落排水処理場	"日報が1月28日以降とれていない
"	"OBSに日報ﾃﾞｰﾀが存在していない
原因はKVのSDｶｰﾄﾞ不良（接触不良？）
"	"OBSの再起動を実施したが状況変わらず
2021/02/01柿本商会稲川様にて現地対応いただいた
OBS電源ﾘｾｯﾄでは復旧せず（OBSは正常動作している）
KVのSDｶｰﾄﾞ抜き差しで復旧した（交換はしていない）"	"SDｶｰﾄﾞについては次回の施設点検時に交換するとのことでした
同時期に3ヶ所いれているので同時に交換することをお勧めしました
OBS交換用に送ったMAEはそのまま返却いただくことを確認しました
"	通常	スポット保守	2021-01-29	07:00:00	2			2021-02-01	05:30:00	0	0	0	""	32	""	0	2021-02-01 05:32:11.201681	2021-02-09 07:05:05.797004	3	814	1	93	""	0							0	
49	1	大阪府	2	古江第5ポンプ場	"2020/06/08　通信異常発生
2020/06/19　業者メンテで手動警報発報テストで警報が発報されない（コルソスのLINEランプは点滅している）
現況画面も表示されない

"	"PING応答が無い
SineFitの故障と判断した

オンプレユーザ
電話回線
SineFit

"	"2020/06/22 13:00 現地にて
LM100と交換しコルソスから直接メール発報するように変更する予定

現地にて調査したところ、UPS劣化によるUPS故障で、SineFitに電源が入らないことが原因だった
結局LM100と交換はせずUPS無しに直接コンセントにつなげることでいったん復旧した。

後日UPSの見積を提出する"	"連絡先
下水道施設課
0727-54-6282
「ふかだ様」または「おおたに様」"	通常	スポット保守	2020-06-19	07:30:00	3	2020-06-22	04:00:00	2020-06-22	05:00:00	1	5	0	""	32	洪	0	2020-06-22 01:23:38.055596	2020-07-22 05:47:35.485965	5	1144	1	222	"大阪府,古江第5ポンプ場,2020/06/08　通信異常発生
2020/06/19　業者メンテで手動警報発報テストで警報が発報されない（コルソスのLINEランプは点滅している）
現況画面も表示されない
,PING応答が無い
SineFitの故障と判断した

オンプレユーザ
電話回線
SineFit
,2020/06/22 13:00 現地にて
LM100と交換しコルソスから直接メール発報するように変更する予定

現地にて調査したところ、UPS劣化によるUPS故障で、SineFitに電源が入らないことが原因だった
結局LM100と交換はせずUPS無しに直接コンセントにつなげることでいったん復旧した。

後日UPSの見積を提出する,連絡先
下水道施設課
0727-54-6282
「ふかだ様」または「おおたに様」,,32,洪,池田市,未定,未定"	0							0	
50	1	埼玉県	1	第2水源	"通信障害が頻発し、ポンプの遠隔操作が正常に動作しない。
"	"親局から遠隔操作指令を実行しても、指令送信後、現場で操作が実行されるまで、数分を要する。
正常時は、1分以内に操作が実行される。
現場の回線（フレッツ光）とルータ（NVR500）を確認したが、異常は見当たらず、
コルソス（DX）の不調であると断定した。
既設のコルソスは、2007年3月に製造されたもの。"	弊社で用意したコルソス代替器と交換した。	既設のDXを修理するか、新たにDJと交換するかは、NEC-PFが元請けと交渉されます。	通常	年間保守	2020-05-22	01:00:00	3	2020-06-23	00:00:00	2020-06-23	02:00:00	2	2	168	AH03	143	""	0	2020-06-24 00:32:05.909091	2020-07-22 05:47:35.510699	9	526	18	222	"埼玉県,第2水源,通信障害が頻発し、ポンプの遠隔操作が正常に動作しない。,親局から遠隔操作指令を実行しても、指令送信後、現場で操作が実行されるまで、数分を要する。
正常時は、1分以内に操作が実行される。
現場の回線（フレッツ光）とルータ（NVR500）を確認したが、異常は見当たらず、
コルソス（DX）の不調であると断定した。
既設のコルソスは、2007年3月に製造されたもの。,弊社で用意したコルソス代替器と交換した。,既設のDXを修理するか、新たにDJと交換するかは、NEC-PFが元請けと交渉されます。,AH03,143,,行田市,南関通信工業株式会社,未定"	0							0	
51	1	兵庫県	3	天川第一ポンプ場	"警報発生時に発生中の警報が更新されないまた、音が出ない
警報履歴には残っているメールも送信されてくる
"	"トップ画面の発生中の警報画面が更新されない件はシステムのバグだったようです
（パトランプの有るユーザで現況画面を開いているとトップ画面の発生中警報は自動更新されません）
クラウドシステムでは正常に動作しています。オンプレユーザは注意が必要です。

音が出ない件はFireFoxの設定で音声がブロックされていたことが原因でした
初期値ではブロックされているようでインストール時に設定が必要です
"	"画面更新の件は奥村副G長にて修正対応済

音が出ない件は電話で説明しお客様にて設定変更していただきました
動作検証は後日（7/1）お客様にて実施されました結果音がでるようになったということでした
"	"導入当初MicrosoftEdgeをインストールしており動作確認まで実施したが、文字化けを起こす障害が発生したためFireFoxを後からインストールしました
"	クレーム	スポット保守	2020-06-23		2	2020-06-24		2020-06-25		1	0	0	""	32	""	0	2020-06-26 00:20:51.779951	2020-07-22 05:47:35.538557	7	1185	1	222	"兵庫県,天川第一ポンプ場,警報発生時に発生中の警報が更新されないまた、音が出ない
警報履歴には残っているメールも送信されてくる,トップ画面の発生中の警報画面が更新されない件はシステムのバグだったようです
（パトランプの有るユーザで現況画面を開いているとトップ画面の発生中警報は自動更新されません）
クラウドシステムでは正常に動作しています。オンプレユーザは注意が必要です。

音が出ない件はFireFoxの設定で音声がブロックされていたことが原因でした
初期値ではブロックされているようでインストール時に設定が必要です,画面更新の件は奥村副G長にて修正対応済

音が出ない件は電話で説明しお客様にて設定変更していただきました
動作検証は後日（7/1）お客様にて実施されました結果音がでるようになったということでした,導入当初MicrosoftEdgeをインストールしており動作確認まで実施したが、文字化けを起こす障害が発生したためFireFoxを後からインストールしました,,32,,姫路市,未定,未定"	0							0	
52	1	兵庫県	2	母子浄化センター	"農集オンプレ（旧子機電話回線版）
日報が収集できない
警報が通報されない
"	"モデム不良か、回線状態が悪いのか
"	"現場にて調査を実施した
・回線電圧（47.7Ｖ）
・親局より接続確認していただいた
・電話器にノイズも乗っていない
"	"現場に到着するまでに復旧していたようだ（奥様より連絡あり）
近くまで移動していたので現場調査を実施した
モデムはAIWAモデム（25ﾋﾟﾝ）
"	通常	スポット保守	2020-06-26	00:30:00	1	2020-06-26	05:30:00	2020-06-26	06:30:00	1	6	12	""	32	""	0	2020-06-29 04:53:38.16145	2020-07-22 05:47:35.564299	7	1202	17	222	"兵庫県,母子浄化センター,農集オンプレ（旧子機電話回線版）
日報が収集できない
警報が通報されない,モデム不良か、回線状態が悪いのか,現場にて調査を実施した
・回線電圧（47.7Ｖ）
・親局より接続確認していただいた
・電話器にノイズも乗っていない,現場に到着するまでに復旧していたようだ（奥様より連絡あり）
近くまで移動していたので現場調査を実施した
モデムはAIWAモデム（25ﾋﾟﾝ）,,32,,三田市,日本ソフト開発株式会社,未定"	0							0	
53	1	福井県	1	北部ポンプ場	"通信異常が発生している（30日11:02:35より）
"	"現況は09:54:42で停止している
PING応答無し
市役所担当の方によると携帯電話も通じなくなっていたようでdocomoの原因であると判断しました
通信異常は2020/06/30 18:25:42に自動復旧しました
"	"2020/07/01現地にて調査の結果
アンテナレベルも正常で動作も正常でした（LM100のログより）
市役所ご担当よりdocomoに問い合わせできないかと依頼がありました
"	"docomoのホームページに工事情報はありませんでした
福井市イケダ様0776-20-5003
"	通常	年間保守	2020-06-30	02:30:00	1	2020-07-01	03:50:00	2020-07-01	04:40:00	1	5	8.5	""	32	""	0	2020-06-30 03:01:15.781469	2020-07-22 05:47:35.591168	7	805	1	115	"福井県,北部ポンプ場,通信異常が発生している（30日11:02:35より）,現況は09:54:42で停止している
PING応答無し
市役所担当の方によると携帯電話も通じなくなっていたようでdocomoの原因であると判断しました
通信異常は2020/06/30 18:25:42に自動復旧しました,2020/07/01現地にて調査の結果
アンテナレベルも正常で動作も正常でした（LM100のログより）
市役所ご担当よりdocomoに問い合わせできないかと依頼がありました,docomoのホームページに工事情報はありませんでした
福井市イケダ様0776-20-5003,,32,,福井市,未定,fukui_suido"	0							0	
54	1	京都府	5	上桂川統合堰	ＩＰカメラの映像は表示するが、電源容量不足でパンチルト操作ができない。	"起動時に同じ盤内にあるＩｏＴボックスも同時に電源投入すると、電源容量不足となる。
電源の配線工事も距離があるため、減衰の可能性あり。"	"モバイル電源を接続した所、問題なく動作した。
日東河川工業の横井様にカメラ・ＰｏＥインジェクタに問題無いことをご説明し、電源起動手順を以下の通りと説明。
ＩｏＴボックスの電源入れない状態でメインブレーカを起動。カメラのイニシャライズ動作後ＩｏＴボックスの電源を入れる旨ご説明。"	""	手戻り	スポット保守	2020-06-18		2			2020-07-02		3	8	0	""	56	浦辻Ｅ	0	2020-07-02 07:30:54.269588	2020-07-22 05:47:35.619504	4	1126	1	222	"京都府,上桂川統合堰,ＩＰカメラの映像は表示するが、電源容量不足でパンチルト操作ができない。,起動時に同じ盤内にあるＩｏＴボックスも同時に電源投入すると、電源容量不足となる。
電源の配線工事も距離があるため、減衰の可能性あり。,モバイル電源を接続した所、問題なく動作した。
日東河川工業の横井様にカメラ・ＰｏＥインジェクタに問題無いことをご説明し、電源起動手順を以下の通りと説明。
ＩｏＴボックスの電源入れない状態でメインブレーカを起動。カメラのイニシャライズ動作後ＩｏＴボックスの電源を入れる旨ご説明。,,,56,浦辻Ｅ,南丹市,未定,未定"	0							0	
55	1	鳥取県	1	田後加圧ポンプ場	"コルソスCSDXのパルスカウントがおかしい
たまに毎時6000回のカウントを行う
平常時は100回程度"	原因は不明	"コルソスを交換したが解決せず
端子を入れ替えたが解決しなかった
コルソス側に問題はなさそうだが解決の方法はわからない。"	"問題解決の為に現場の機器と同じものがないかどうか
仕様書、現場の配線状態等を依頼中"	通常	""	2020-06-23		3					0	0	0	""	298	""	0	2020-07-03 06:01:52.071765	2020-07-22 05:47:35.644906	8	1301	1	71	"鳥取県,田後加圧ポンプ場,コルソスCSDXのパルスカウントがおかしい
たまに毎時6000回のカウントを行う
平常時は100回程度,原因は不明,コルソスを交換したが解決せず
端子を入れ替えたが解決しなかった
コルソス側に問題はなさそうだが解決の方法はわからない。,問題解決の為に現場の機器と同じものがないかどうか
仕様書、現場の配線状態等を依頼中,,298,,岩美町,未定,iwamicho"	0							0	
56	1	福井県	1	北部ポンプ場	"PLCエラーが出る
"	"現地で施設停電で点検をされ電源を入れたところ
CPUﾒﾓﾘ書込頻度オーバーが表示され
シーケンサ異常の警報が発報された
"	"現地にてＫＶのリセットを実施していただいた
（PRG→RUN）
"	"ログを確認したところCPUﾒﾓﾘ書込頻度オーバーであることはわかったがなぜ発生したか不明

"	通常	年間保守	2020-07-03	07:30:00	0.5			2020-07-03	08:00:00	0	0	0	""	32	""	0	2020-07-03 08:05:59.087854	2020-07-22 05:47:35.666516	7	805	17	115	"福井県,北部ポンプ場,PLCエラーが出る,現地で施設停電で点検をされ電源を入れたところ
CPUﾒﾓﾘ書込頻度オーバーが表示され
シーケンサ異常の警報が発報された,現地にてＫＶのリセットを実施していただいた
（PRG→RUN）,ログを確認したところCPUﾒﾓﾘ書込頻度オーバーであることはわかったがなぜ発生したか不明
,,32,,福井市,日本ソフト開発株式会社,fukui_suido"	0							0	
57	1	長野県	2	小田井西屋敷１	7月2日午後、コルソスCSDJへの更新工事を行ったが、翌朝の日報収集にて、運転時間、回数データが取得出来ていない。	"T_DXSYUSYUDATEの時間フィールド(F_RIREKI、F_TOUKEI、F_RUIKEI、F_TIMESET、F_M_TOUKEI)に｢1988/01/01 0:00:00｣という過去の日付がセットされており、
左記が原因で日報収集が失敗していた。"	"上記フィールドに、｢2020/07/02 0:00:00｣を入力し、上記施設のみ日報再収集を行い、2日16時以降の運転時間、回数データが取得出来た事を確認した。
元請けには、4日の日報収集からは自動で取得を行いますと伝えた。"	""	""	""	2020-07-03	06:30:00	2			2020-07-03	08:00:00	0	0	0	AH0E	143	奥村副G長	0	2020-07-03 10:36:01.815826	2020-07-22 05:47:35.688404	9	866	4	222	"長野県,小田井西屋敷１,7月2日午後、コルソスCSDJへの更新工事を行ったが、翌朝の日報収集にて、運転時間、回数データが取得出来ていない。,T_DXSYUSYUDATEの時間フィールド(F_RIREKI、F_TOUKEI、F_RUIKEI、F_TIMESET、F_M_TOUKEI)に｢1988/01/01 0:00:00｣という過去の日付がセットされており、
左記が原因で日報収集が失敗していた。,上記フィールドに、｢2020/07/02 0:00:00｣を入力し、上記施設のみ日報再収集を行い、2日16時以降の運転時間、回数データが取得出来た事を確認した。
元請けには、4日の日報収集からは自動で取得を行いますと伝えた。,,AH0E,143,奥村副G長,佐久市,水ingAM株式会社,未定"	0							0	
60	1	兵庫県	2	波豆川P7	"通報先を親局で変更したが従来の通報先に通報されてしまう
コルソスに変更されているかわからないので調べられないか
三田市下水道課　奥様、谷本様
"	"昨年９月にコルソス（CSDJ）に変更されている
"	"社内からﾘﾓｰﾄで通報先の変更を実施した
通報先は以下の５件
・09043060071
・08015001855
・09098789751
・09040363961
・09018958279"	"通報確認は三田市様にて実施いただくようお願いしました
"	通常	スポット保守	2020-07-08	02:52:00	1			2020-07-08	05:00:00	0	0	0	""	32	""	0	2020-07-08 05:08:05.144106	2020-07-22 05:47:35.740132	7	1202	17	222	"兵庫県,波豆川P7,通報先を親局で変更したが従来の通報先に通報されてしまう
コルソスに変更されているかわからないので調べられないか
三田市下水道課　奥様、谷本様,昨年９月にコルソス（CSDJ）に変更されている,社内からﾘﾓｰﾄで通報先の変更を実施した
通報先は以下の５件
・09043060071
・08015001855
・09098789751
・09040363961
・09018958279,通報確認は三田市様にて実施いただくようお願いしました,,32,,三田市,日本ソフト開発株式会社,未定"	0							0	
65	1	滋賀県	2	親局（オンプレ）	"無停電装置交換
#無停電電源装置
#UPS
"	"期限が過ぎているため
"	"新品無停電装置と交換

工事写真は以下に保存
\ASNET\ENDUSER\SofinetWater\25滋賀県\IBUKI\保守記録\20200717UPS交換
"	"無停電装置は交換したが親局ＰＣも交換したほうがよいのではないか
（自動起動していないような気がする）
試験的に役所担当者にPCの電源を入れていただいたところ
５月の警報が受信してきた（現場から５月から電話かけ続けていたのだろうか）
"	通常	スポット保守	2020-07-14		0.5	2020-07-17		2020-07-17		1.5	0.5	0	""	32	""	0	2020-07-17 06:42:56.741289	2020-07-22 05:47:35.86337	7	1105	17	222	"滋賀県,親局（オンプレ）,無停電装置交換
#無停電電源装置
#UPS,期限が過ぎているため,新品無停電装置と交換

工事写真は以下に保存
\ASNET\ENDUSER\SofinetWater\25滋賀県\IBUKI\保守記録\20200717UPS交換,無停電装置は交換したが親局ＰＣも交換したほうがよいのではないか
（自動起動していないような気がする）
試験的に役所担当者にPCの電源を入れていただいたところ
５月の警報が受信してきた（現場から５月から電話かけ続けていたのだろうか）,,32,,米原市,日本ソフト開発株式会社,未定"	0							0	
66	1	鳥取県	1	中山第二配水池	7/22の0時から計測値は取れているが運転履歴に計測値の1分間隔のデータが取れない	DX_SYUSYUDATEのF_TEIJIが空白だった	21日の23時から日報を再収集	昔導入したところはこういうところが多いかも	通常	""	2020-07-22	23:40:00	1.25			2020-07-22	01:10:00	0	0	0	""	298	""	0	2020-07-22 00:45:12.147695	2020-07-22 05:47:35.888751	8	1310	1	130	鳥取県,中山第二配水池,7/22の0時から計測値は取れているが運転履歴に計測値の1分間隔のデータが取れない,DX_SYUSYUDATEのF_TEIJIが空白だった,21日の23時から日報を再収集,昔導入したところはこういうところが多いかも,,298,,大山町,未定,daisencho	0							0	
68	1	滋賀県	2	山上処理場	"停電警報について、現場は復旧したが、遠方が復旧しないので、復旧させてほしい。
できれば、自動復旧するようにしたいので、どうすればよいのか（修理 OR 改造？）提案なりしてほしい。"	""	""	""	""	""	2020-07-22	04:00:00	0					0	0	0	""	50	""	0	2020-07-27 02:04:23.630978	2020-07-27 02:04:23.630978	10	1104	17	222	""	0							0	
71	1	高知県	2	相川地区No.6中継ポンプ場	ルータの電源が切れており、「通信異常」が発生している。	"コルソスは電源が入っており、ルータに５Vも出力しているが、ケーブルを接続すると電源が入らない。
ルータを別の施設のコルソスに接続すると電源が入る。"	コルソスの電源出力の不調の可能性が高いため、NECプラットフォームズ高松支店経由で保守機を取り付けてもらい、取り外したコルソスを修理します。	""	通常	スポット保守	2020-07-25	00:00:00	0					0	0	0	""	131	""	0	2020-07-27 03:55:35.993487	2020-07-27 03:55:35.993487	6	1493	1	76	""	0							0	
72	1	奈良県	5	佐保台処理場	"宇陀開発環境　増岡様より
警報発生中にも関わらず、通報されない。"	コルソスがモード２に変わっていた為	ＳＥＴボタン１秒押しでモード１に変更して頂く	""	""	""	2020-07-28		0.5			2020-07-28		0	0	0	""	56	""	0	2020-07-28 05:33:56.176422	2020-07-28 05:34:24.982792	4	1226	1	113	"奈良県,佐保台処理場,宇陀開発環境　増岡様より
警報発生中にも関わらず、通報されない。,コルソスがモード２に変わっていた為,ＳＥＴボタン１秒押しでモード１に変更して頂く,,,56,,奈良市,未定,udakankyo_co"	0							0	
73	1	奈良県	2	M-1合場No.1MP	"停電が発生し、通報されたが復電しても画面から消えない
"	"コルソスを確認したところ停電の状態であった

"	"現地にてタイマーをソケットから抜き動作を確認していただいたところ
抜いたら復旧し、再度挿し込んだらまた発生したことから
タイマーが故障していると判断しました
コルソスの端子台（D10）の電圧を当たっていただいたところ
タイマーを抜いたら4.7V、挿したら0Vということでしたのでコルソスは正常動作していると思われます
"	"タイマーを交換いただくようお伝えしました
"	通常	スポット保守	2020-07-28	01:00:00	0.5			2020-07-28	04:30:00	0	0	0	""	32	""	0	2020-07-28 05:42:01.806428	2020-07-28 05:42:01.806428	7	1229	17	106	""	0							0	
69	1	和歌山県	2	茨木4号MP	通信できない	ケーブル端末のフリーズ	ケーブル端末を電源リセットしてもらいました。	役場担当　キシさん	""	""	2020-07-27	01:00:00	1			2020-07-27	02:00:00	0	0	0	""	50	""	0	2020-07-27 02:06:47.546832	2020-07-28 09:08:24.267564	10	1283	17	222	和歌山県,茨木4号MP,通信できない,ケーブル端末のフリーズ,ケーブル端末を電源リセットしてもらいました。,役場担当　キシさん,,50,,日高町,日本ソフト開発株式会社,未定	0							0	
76	1	静岡県	2	冨塚No.8	"前提条件としてオプト仕様でポンプを制御運転しており
No.1、2ポンプの自動交互運転の施設である
運転履歴でNo.2ポンプが運転中に電流値が0の状態になっており、
なおかつNo.1ポンプが同時運転していた
No.１ポンプの電流値は正常に取得していた
No.1、2ポンプで警報は発生していない状態だった"	"現地で調べたところNo.2ポンプの浸水が発生していた
浸水の検知時間がPLC内では1秒に設定されているが盤側では即時での検知のため
盤側で1秒未満の浸水が発生し、盤側のほうは浸水を保持したが、PLCでは警報を検知していない状態になっていた
そのためPLC制御でのNo.2ポンプ運転を実行したとき盤側でNo.1のポンプを作動していたのが運転履歴の原因だった"	"ひとまず様子を見るとのことになった
処置としては今のところ2種類ある
盤側での対処としてのPLCへの浸水信号を取得する場所を変更してもらう
PLCでの対処としてPLC内の浸水検知時間を即時に変更する"	""	通常	""	2020-07-28	00:00:00	0.5	2020-07-28	06:30:00	2020-07-28	07:00:00	0	0	0	""	309	""	0	2020-07-30 08:27:36.350842	2020-07-30 08:27:36.350842	12	973	14	188	""	0							0	
77	1	岐阜県	1	大井排水機場	"トクデン松原様より
放流ｹﾞｰﾄが開になっても画面が開にならない（フロー図）
"	"社内から現地のｺﾙｿｽを直接確認し現地にて操作していただいた
・放流ｹﾞｰﾄを開にしてもｺﾙｿｽに信号が入ってこない
・ｺﾙｿｽの端子を短絡しても信号が入ってこない
・遊水地ｹﾞｰﾄの端子を外してもらったら閉になった（現状は開）
・端子電圧を測定してもらったところ拡張の1と2は4.27V出ていた
・放流ｹﾞｰﾄが接続されている7番を測定したら300ｍV（誘導）だった
・過去に接続されていた4番5番を測定したところ同じく300mVだった
・再度7番を測定したら4.27Vだったので短絡してもらったが開にならなかった"	"この時期にすぐにｺﾙｿｽを外すことができないため機場が動かない12月1月頃にｺﾙｿｽを外して調査することとなった
"	"過去に接続されていた端子がつぎつぎ壊れているようで現場側の信号線に原因があると思われるが原因不明
"	通常	スポット保守	2020-07-31	05:45:00	0.5			2020-07-31	06:20:00	0	0	0	""	32	""	0	2020-07-31 06:21:00.318399	2020-07-31 06:23:56.79762	7	930	1	21	"岐阜県,大井排水機場,トクデン松原様より
放流ｹﾞｰﾄが開になっても画面が開にならない（フロー図）,社内から現地のｺﾙｿｽを直接確認し現地にて操作していただいた
・放流ｹﾞｰﾄを開にしてもｺﾙｿｽに信号が入ってこない
・ｺﾙｿｽの端子を短絡しても信号が入ってこない
・遊水地ｹﾞｰﾄの端子を外してもらったら閉になった（現状は開）
・端子電圧を測定してもらったところ拡張の1と2は4.27V出ていた
・放流ｹﾞｰﾄが接続されている7番を測定したら300ｍV（誘導）だった
・過去に接続されていた4番5番を測定したところ同じく300mVだった
・再度7番を測定したら4.27Vだったので短絡してもらったが開にならなかった,この時期にすぐにｺﾙｿｽを外すことができないため機場が動かない12月1月頃にｺﾙｿｽを外して調査することとなった,過去に接続されていた端子がつぎつぎ壊れているようで現場側の信号線に原因があると思われるが原因不明,,32,,大垣市,未定,oogaki_c"	0							0	
163	1	埼玉県	5	東桃木窪公園調整池	10月18日から通信異常が続いている	ＵＰＳの故障。電源スイッチを押下しても、電源が投入されない。	"ＵＰＳの交換が必要だが、現在使用のＵＰＳが2019年6月購入で、1年4か月しか経過しておらず、役所から故障の原因を報告するよう、指示を受けた。
"	報告書確認後、購入の手配を行うとの事。提出先：所沢市上下水道局　下水道維持課　課長宛て	通常	スポット保守	2020-10-26		0	2020-11-04				3	0	384	""	143	""	0	2020-11-06 02:54:32.771075	2020-11-06 03:01:40.832505	9	528	17	1	埼玉県,東桃木窪公園調整池,10月18日から通信異常が続いている,ＵＰＳの故障。電源スイッチを押下しても、電源が投入されない。,ＵＰＳの交換が必要だが、現在使用のＵＰＳが2019年6月購入で、1年4か月しか経過しておらず、役所から故障の原因を報告するよう、指示を受けた。,報告書確認後、購入の手配を行うとの事。提出先：所沢市上下水道局　下水道維持課　課長宛て,,143,,所沢市,日本ソフト開発株式会社,tokorozawa	0							0	
167	1	静岡県	3	今ﾉ浦1,2,3、南部第1、浜橋ポンプ場　　二ノ宮配水機場	"WA赤塚様(TEL: 0538-21-5790)より連絡　
2020/11/18の日に上記機場に関して
運転履歴上のアナログ値が【値無し】と表示されている件

洪受付"	"現象：
毎時1回の頻度で約3分間の値が欠損している。
欠損の時間帯が毎時の50分帯。
原因：
OBSの時刻とKVの時刻にずれが原因かもしれません。
時刻合わせの際OBSの時間がKVより早くなった場合に欠損が発生する可能性がある。
"	"現状OBSとKVは720分間隔に自動時刻合わせをしている。
時刻合わせ間隔を１時間１回にすれば時間ズレはなくなると考えられるが、

とりあえず今は様子見とのことで、処置はしていません。

"	""	""	""	2020-11-19	04:30:00	1.25		06:00:00	2020-11-19		0	0	0	""	315	奥村Ｌ	0	2020-11-20 09:40:10.488849	2020-11-20 09:40:41.571488	5	981	8	56	"静岡県,今ﾉ浦1,2,3、南部第1、浜橋ポンプ場　　二ノ宮配水機場,WA赤塚様(TEL: 0538-21-5790)より連絡　
2020/11/18の日に上記機場に関して
運転履歴上のアナログ値が【値無し】と表示されている件

洪受付,現象：
毎時1回の頻度で約3分間の値が欠損している。
欠損の時間帯が毎時の50分帯。
原因：
OBSの時刻とKVの時刻にずれが原因かもしれません。
時刻合わせの際OBSの時間がKVより早くなった場合に欠損が発生する可能性がある。,現状OBSとKVは720分間隔に自動時刻合わせをしている。
時刻合わせ間隔を１時間１回にすれば時間ズレはなくなると考えられるが、

とりあえず今は様子見とのことで、処置はしていません。
,,,315,奥村Ｌ,磐田市,株式会社ウォーターエージェンシー,iwata_usui"	0							0	
181	1	岡山県	2	赤和瀬地区農業集落排水処理施設	"日立プラントサービスの世良田さんから連絡が来る。
12/16の16時ごろ。

赤和瀬地区農業集落排水処理施設で通信異常が出る
通信異常が出る条件が知りたい。
漏電がちょうど1時間ごとに2連続出ていたが本当なのかと問い合わせがあった。"	"漏電がちょうど1時間ごとに2連続出ていたが本当に出ていた。

それとは別でコルソス停電が出ないことと
バッテリー駆動ができていないことが分かった。"	"漏電は納得してもらい
通信異常については以前三原Eが恵那向けに作成したものを
鏡野町のケースに合わせて時間を変更した。

それとは別でコルソス停電が出ないことと
バッテリー駆動ができていないことは
瞬電でも一々電源が落ちて通報が入らないことを伝えた結果。
日立さんからNEC等に対応をしていただく流れになった。
"	"12/23の13時に奥村さんが対応
バッテリが原因でコルソス停電の確認がされたので調査依頼を日立さんから出してもらうことに。

資料作成に時間がかかった。"	通常	""	2020-12-16	07:00:00	1.25			2020-12-23		0	0	0	""	298	洪　奥村	0	2020-12-23 00:36:18.107762	2020-12-23 00:36:18.107762	8	1357	1	63	""	0							0	
164	1	千葉県	1	・志津１－５・志津６－３・志津21-1・志津21-4　	"佐倉市（オンプレ）
9/28より日報が取得出来ていない"	"9月28日に発生した停電が原因と推測
コルソス上に同じレコード（同じ時刻日報データ）が発生し、親局が日報収集に失敗したのではないか"	"11/1 より日報を再取得
以後毎時日報収集が出来ている事を確認"	保守契約はいつ結んでいただけるのでしょうか	通常	""	2020-11-05	08:00:00	6			2020-11-06	04:00:00	0	0	0	""	308	奥村副G長	0	2020-11-06 06:19:17.959629	2020-11-06 06:19:17.959629	13	596	20	222	""	0							0	
78	1	奈良県	2	月ヶ瀬No.14西上宅前MP	"運転をするたびに長時間運転の警報が発生する
ハネロンから異常な音が発生している
"	"警報受信履歴により7月頃から1号2号共に長時間運転が発生していることがわかる
（後半は2号が多い）
"	"現地にて企業局平田様立会の元状況を確認した
・発生当時の動画を見せていただいたが運転と共に異音が発生している
・再現試験をしたが再現できなかった
・ハネロンは通信異常も出ておらず警報発報の動作もしているため正常と判断します
・ハネロンには稼働部分が無く異音が発生するとは考えにくいことと運転するたび
超過が発生するということで長時間運転タイマーの故障ではないかと思われます
"	"以上の状況を説明したうえで、1号と2号のタイマーを入れ替えてしばらく運用いただくこととしました
これ以降１号から超過が発生するようですとタイマーの故障と判断します
盤底部に水が溜まっていたため盤内漏水の影響も心配しています

ハネロンの交換は実施しておりません
NTT有山様には電話にて連絡済
平城浄化センター山口様にはNTT有山様より連絡いただくよう依頼した
"	通常	年間保守	2020-07-30	04:00:00	2	2020-08-04	04:00:00	2020-08-04	06:00:00	2	4.5	0	""	32	""	0	2020-08-05 00:57:39.455018	2020-08-05 01:44:30.005374	7	1226	1	66	"奈良県,月ヶ瀬No.14西上宅前MP,運転をするたびに長時間運転の警報が発生する
ハネロンから異常な音が発生している,警報受信履歴により7月頃から1号2号共に長時間運転が発生していることがわかる
（後半は2号が多い）,現地にて企業局平田様立会の元状況を確認した
・発生当時の動画を見せていただいたが運転と共に異音が発生している
・再現試験をしたが再現できなかった
・ハネロンは通信異常も出ておらず警報発報の動作もしているため正常と判断します
・ハネロンには稼働部分が無く異音が発生するとは考えにくいことと運転するたび
超過が発生するということで長時間運転タイマーの故障ではないかと思われます,以上の状況を説明したうえで、1号と2号のタイマーを入れ替えてしばらく運用いただくこととしました
これ以降１号から超過が発生するようですとタイマーの故障と判断します
盤底部に水が溜まっていたため盤内漏水の影響も心配しています

ハネロンの交換は実施しておりません
NTT有山様には電話にて連絡済
平城浄化センター山口様にはNTT有山様より連絡いただくよう依頼した,,32,,奈良市,未定,nara_c"	0							0	
79	1	静岡県	5	二之宮排水機場	"OPBがフリーズし日報が取れない

奥村副Gに警報メールあり"	Input/Output Error　が発生している。	OPB再起動にて復旧（洪君対応）	"再起動で復旧しない場合、MA交換対応になる。
今後同様の事象が発生した際、作業前にユーザーへ有償である旨使える。"	""	""	2020-08-07	01:00:00	0			2020-08-07	01:45:00	0	0	0	""	56	""	0	2020-08-07 05:39:19.317844	2020-08-07 05:39:19.317844	4	981	8	56	""	0							0	
63	1	岐阜県	2	金山地区S6マンホール場	"メカトロニクス　谷口様より
金山地区S6マンホールポンプ場のSIMカードが故障している。当初はルータ故障が疑われたが、谷口様の方で調査を行い、ルータ自体には問題はなく、SIMカードが故障している事が判明。"	明確な原因の特定できないが、SIMカードの劣化が疑われる。導入から１年６ヶ月が経過しているため、初期不良は考えにくい。	"7/15 社内のデモ用SIMを谷口様に送り、谷口様の方で現地で差し替えを行って頂いた。差し替え後、通信異常は復旧し、コルソスの定期通報も確認頂いています。
7/20 NTTCom石川さんにSIM故障で再発行を行いたい事を連絡
7/27 故障したSIMをNTTComに送付
7/27 NTTComから再発行してもらったSIMをメカトロニクスの谷口様に送付
8/03 再発行したSIMをメカトロニクスの谷口様の方で現地で入れ替えを行って頂き、通信が正常に行える事を確認。
8/17 社内のデモ用SIMを返却済み。
"	""	""	スポット保守	2020-07-10	06:00:00	4	2020-07-15	01:30:00	2020-08-17	04:00:00	0	0	0	""	123	""	0	2020-07-10 09:49:28.562027	2020-08-07 07:08:14.39273	3	948	1	170	"岐阜県,金山地区S6マンホール場,メカトロニクス　谷口様より
金山地区S6マンホールポンプ場のSIMカードが故障している。当初はルータ故障が疑われたが、谷口様の方で調査を行い、ルータ自体には問題はなく、SIMカードが故障している事が判明。,明確な原因の特定できないが、SIMカードの劣化が疑われる。導入から１年６ヶ月が経過しているため、初期不良は考えにくい。,7/15 社内のデモ用SIMを谷口様に送り、谷口様の方で現地で差し替えを行って頂いた。差し替え後、通信異常は復旧し、コルソスの定期通報も確認頂いています。
7/20 NTTCom石川さんにSIM故障で再発行を行いたい事を連絡
7/27 故障したSIMをNTTComに送付
7/27 NTTComから再発行してもらったSIMをメカトロニクスの谷口様に送付
8/03 再発行したSIMをメカトロニクスの谷口様の方で現地で入れ替えを行って頂き、通信が正常に行える事を確認。
8/17 社内のデモ用SIMを返却済み。,,,123,,下呂市,未定,gero_gesui"	0							0	
165	1	長野県	2	""	親局がフリーズして日報収集出来ない	""	"再起動もフリーズ状態の為不可。
電源強制シャットダウン後、再起動実施で復旧"	""	""	""	2020-11-10		1			2020-11-10		0	0	0	""	56	""	0	2020-11-13 08:47:02.000244	2020-11-13 08:47:02.000244	4	866	1	222	""	0							0	
170	1	三重県	2	名3-100（オンプレ側）	時々アナログ値がフリーズする。フリーズは3CH同時に発生する	"日報・リアルタイムトレンド両方で発生する。
リセットで復旧する。
運転時間等には影響が出ていない。
現場訪問時に再発しなかったため、原因不明。"	孫機監視装置一式をユーザー保有の保守品と交換。	""	""	""	2020-11-26	04:00:00	0	2020-11-26	04:00:00	2020-11-26	06:00:00	2	4	0	""	50	""	0	2020-11-27 05:14:39.061317	2020-11-27 05:14:39.061317	10	1069	17	222	""	0							0	
171	1	兵庫県	2	村雲浄化センター	通信異常が頻発するので調査してほしい。	"PPPの切断、接続を繰り返しており、たまたま切断時に連続で日報収集に失敗すると通信異常になっている。
ルータのログ上はモジュールエラーなど発生しておらず正常に見える。"	"警報の通報にほとんど影響がないため頻繁に出るのを抑えるために通信異常待ち時間を65分から480分に伸ばすことで日本管財古林様に了承を得た。
LTEに交換すると効果が期待できることからLTE化を役所に提案するとのことでした。"	""	通常	スポット保守	2020-11-28	04:00:00	0			2020-11-28	04:30:00	0	0	0	""	131	""	0	2020-11-28 04:35:40.774118	2020-11-28 04:35:40.774118	6	1204	1	14	""	0							0	
80	1	福岡県	3	玄望遠ポンプ場	"玄望遠ポンプ場で警報が復旧しない。
接点は標準ボードのDI9-12
コルソスにログインして状態を見るとD9-12の警報がオンになっている

現場で復旧して、配線を確認したが解決しないので連絡がきた。
再起動をして警報が残ることを確かめようとしたら
再起動中にランプがFW(IOU/NCU)書き換え中のランプになって再起動しなくなった"	"コルソス交換後に修理依頼を出す予定
再起動前に配線を外しても復旧がしないかどうかを確かめておくべきだった。"	"コルソスの交換用を送って現場の対応待ち

7/29に連絡とコルソスの再起動がしない事象を確認、交換用コルソスを郵送
7/30に到着したが相手の予定の問題でしばらくはこのままらしい
8/12前後に交換予定"	"コルソスの再起動は再起動しないかもしれないことを念頭に置いておく。
配線を外してどうなるかなどコルソスの電源を落とす以外のことでできることを先にやってもらう。

動作履歴、通報履歴が見えなくなっているとかなり危ない状態かもしれない。"	通常	""	2020-07-29	08:00:00	2			2020-08-12		0	0	300	""	298	洪	0	2020-08-07 07:56:18.235289	2020-08-07 07:56:18.235289	8	1528	1	87	""	0							0	
81	1	福岡県	3	玄望遠ポンプ場	"玄望遠ポンプ場で警報が復旧しない。
接点は標準ボードのDI9-12
コルソスにログインして状態を見るとD9-12の警報がオンになっている

現場で復旧して、配線を確認したが解決しないので連絡がきた。
再起動をして警報が残ることを確かめようとしたら
再起動中にランプがFW(IOU/NCU)書き換え中のランプになって再起動しなくなった"	"コルソス交換後に修理依頼を出す予定
再起動前に配線を外しても復旧がしないかどうかを確かめておくべきだった。"	"コルソスの交換用を送って現場の対応待ち

7/29に連絡とコルソスの再起動がしない事象を確認、交換用コルソスを郵送
7/30に到着したが相手の予定の問題でしばらくはこのままらしい
8/12前後に交換予定

8/7現在無監視状態"	"コルソスの再起動は再起動しないかもしれないことを念頭に置いておく。
配線を外してどうなるかなどコルソスの電源を落とす以外のことでできることを先にやってもらう。

動作履歴、通報履歴が見えなくなっているとかなり危ない状態かもしれない。"	通常	""	2020-07-29	08:00:00	2			2020-08-12		0	0	300	""	298	洪	0	2020-08-07 07:57:50.585655	2020-08-07 07:57:50.585655	8	1528	1	87	""	0							0	
82	1	兵庫県	2	村雲地区草の上４MP	2号ポンプ過負荷が通報されない。	コルソスのCOMとS7間を短絡しても通報が出ないのでコルソスの端子不良と判断。	"夏季休業中のため、17日以降に対応することとした。
その間、S6とS7を短絡して、2号ポンプ過負荷が出ても「2号ポンプ漏電」として通報するように配線していただいた。

ユーザー対応者：日本管財古林様"	""	通常	スポット保守	2020-08-12	10:00:00	0					0	0	0	""	131	""	0	2020-08-12 10:47:34.189089	2020-08-12 10:47:34.189089	6	1204	1	14	""	0							0	
83	1	岐阜県	2	新田１MP	毎日午前4時に通信異常が発生する。	"午前4時の再起動時に再接続に時間がかかり通信異常が発生してしまいます。
アンテナレベルは３ですがRSSIが12とやや低いためアンテナ位置の修正など対応を検討願います。"	"午前4時に出てしまうと対応が難しいため10時に変更を要望されたため、変更しました。
水ingAM担当者：土田様
"	""	通常	スポット保守	2020-08-13	02:30:00	0					0	0	0	""	131	""	0	2020-08-13 03:45:20.375972	2020-08-13 03:45:20.375972	6	938	4	39	""	0							0	
84	1	静岡県	2	中川ポンプ場の日報が取れない	"ＯＰＢの障害で、日報がとれない
"	input/outputエラーが出る	"8/17再起動を実施したが、復旧せず。
ＭＡを現地交換対応"	""	""	""	2020-08-12		0	2020-08-17				0	0	0	""	56	洪	0	2020-08-18 01:15:21.759051	2020-08-18 01:15:21.759051	4	981	8	56	""	0							0	
85	1	大阪府	2	[No116]大今里南2丁目MP	１時間毎に通信異常の発生と復旧を繰り返している。	ＣＳＤＸ内のＣＦカード故障が高い	１７日以降で対応予定	""	通常	スポット保守	2020-08-14		0					0	0	0	""	56	""	0	2020-08-18 01:32:12.642366	2020-08-18 01:32:12.642366	4	1140	1	17	""	0							0	
86	1	石川県	2	春木NO1MP	落雷の影響でコルソス、LM100の電源が入らず通信異常が発生している。	雷雨が発生した直後から通信異常が発生しているとのことで、雷の影響が考えられる。	"柿本商会の保守機（貸出品）にて交換対応いただいた。
春木NO1MPには
SIM:020-1570-0121、demo11、10.47.238.145
LM100:4509F1-17X01445(2018/8/22かほく市若緑用として出荷したLM100)
が取り付けられている。"	""	通常	スポット保守	2020-08-11	00:00:00	0			2020-08-12	06:00:00	0	0	0	""	131	""	0	2020-08-18 04:22:04.357898	2020-08-18 04:22:04.357898	6	801	7	144	""	0							0	
59	1	和歌山県	1	広川浄水場	"試運転後長期停止して現地電源復帰したが、通信異常が発生して現況画面が見えない。
"	"F_CONNECTが”Ｆ”になっていた。
ＫＶ施設で、エラーメールが飛ばないように設定していたことが原因
高頻度更新だと多発"	"F_CONNECTが”T”にした。
再読込
autodacprocess再起動
通信ＰＧ再起動
再読込
"	""	""	""	2020-07-08	00:15:00	1			2020-07-08	01:30:00	0	0	0	""	56	""	0	2020-07-08 01:49:00.386969	2020-08-18 04:46:56.604433	4	1280	1	103	"和歌山県,広川浄水場,試運転後長期停止して現地電源復帰したが、通信異常が発生して現況画面が見えない。,F_CONNECTが”Ｆ”になっていた。
ＫＶ施設で、エラーメールが飛ばないように設定していたことが原因
高頻度更新だと多発,F_CONNECTが”T”にした。
再読込
autodacprocess再起動
通信ＰＧ再起動
再読込,,,56,,広川町,未定,hirogawa_cho"	0							0	
87	1	千葉県	2	志津1－2号　人孔ポンプ（MP)	"志津1－2号において通信異常が発生した。

この通信異常は現在は復帰し正常に動いている。

しかし、ユーザ並びに元請けが発生理由について知りたいと連絡が入ってきたため、調査することとなった。

"	"現象：8月10日に通信異常が発生。以降ユーザが管理者IDで通信異常の復旧をクリックするも現象が改善されない。とNECPへ連絡が入る。
翌日の11日において現地通信端末の再起動を行うことで通信ができるようになった。

しかし、ユーザ並びに元請間で何が原因でこのようなことが起きたのか？という議論になり調査を依頼されることになる。


原因：通報端末がLTE網へアクセスできなくなった。"	"１：WEB監視から、通信異常発生時刻を確認。
２：発生時刻付近からコルソスの動作履歴を確認する。
　　この時、コルソスの電源が切れていたもしくは再起動を繰り返すなど正常ではありえない動きは見受けなれなかった。
３：親局の通信プログラムのログから通信異常が発生する前8月10日の13時の日報収集が完了できていることを確認する。
　　また14時から日報収集ができていないことも確認した。
４：このログ情報から、現地のコルソスの電源が切れた、または故障によって引き起こされたモノではないと考えられる。
５：４を元請へ説明し、もう一つ調べることとしては現地の通信端末の動作ログを確認することを進言した。"	"・志津1－2号は佐倉市のオンプレ版の監視システムで監視している施設である。
・現地通信端末はBlackPitを使用している。またこの端末は弊社が支給したものではなく、元請のNECPが調達設定支給したものである。
　このため中の設定を見ることは弊社ではできない。
・佐倉市は保守契約を結んでいない為、障害発生時に緊急対応をするといった決め事は存在しない。このため金銭が絡むものの場合は改めて、営業担当を通じて
　相談してもらうようにする。今回は相談の上調査のみ行う事となった。
"	""	""	2020-08-17	08:20:00	3.5			2020-08-18	04:00:00	0	0	0	""	292	""	0	2020-08-19 03:01:04.453076	2020-08-19 03:01:04.453076	14	596	20	222	""	0							0	
88	1	宮城県	2	十八成第二マンホールポンプ場	通信異常が発生している	"主幹電源が切断されており、現地コルソス・ルータの電源が落ちた為。
ただし、コルソス停電が通報されていないので原因追及。
バッテリが正常に刺さっていない事が判明。"	""	"08046022768　フソウ　赤松さん（元請）
080-1694-0467　現場のIKSのあべさん（維持管理会社？）"	""	""	2020-08-20	02:33:00	0			2020-08-20	05:35:00	0	0	0	""	56	三部	0	2020-08-20 07:53:20.319465	2020-08-20 07:53:20.319465	4	258	10	141	""	0							0	
91	1	滋賀県	2	駒井沢3マンホールポンプ場	常に話し中になりダイヤルアップ接続ができない。	"常に話し中になりダイヤルアップ接続ができない。
現場のコルソスに接続したが回線断は検出していなかった。
通報はその状態でも問題なく届いた。

"	"NTTの契約範囲だったのでNTTに連絡してきてもらった。
調査員は翌日の26日の午後、その時には復旧してしまって障害の大本が調べられなかったので
NTTのクロージャーないの変更をしてもらった。
引き込み線はそういう車ではなかったことと交通量が多いところを横断しているので今回はなし
来月以降おかしかったら再度対応してもらう。"	"草津点検で度々こういうことは起こるがそうなると2-3日かかることになる。
ダイヤルアップ接続できないが通報は届く、何もしなくても来月の点検で
ダイヤルアップ接続ができるようになっているという箇所は何か所もあるので
どのあたりまでなら無視するのかを決めておいた方がいいかも"	通常	年間保守	2020-08-25	02:00:00	0	2020-08-25	02:20:00	2020-08-26	07:00:00	2.5	1.5	0	""	298	""	0	2020-08-31 05:12:44.957872	2020-08-31 05:12:44.957872	8	1097	17	222	""	0							0	
74	1	石川県	2	鹿島中部浄化センター	"日報帳票の運転時間と積算値が時々０になる。
月報と集計データが合わない。"	"OBSA7に格納されている日報データは正常に入っているため、取得タイミング・取得ロジックの関係でクラウドサーバ（comsrv）がデータを取りこぼしている可能性が高い。
2020-09-10 現地Apacheのログから、新しいファイルを送信している事が分かったが、通信PGのログからは同じファイルを処理しているように見える。Squidのログに
正常時：1599700481.650   1105 127.0.0.1 TCP_REFRESH_UNMODIFIED/200 2995 GET http://10.47.234.7/csv/nippou/20200909/NIPPOU.zip - HIER_DIRECT/10.47.234.7 application/zip
異常時：1599657317.017  59678 127.0.0.1 TCP_REFRESH_FAIL_OLD/200 2966 GET http://10.47.234.7/csv/nippou/20200909/NIPPOU.zip - HIER_DIRECT/10.47.234.7 application/zip
となっているため、異常時はSquidがキャッシュしたファイルを返していると判断。"	"継続して処置を検討します。ほかの施設でも同様の事象が発生していることを確認したが、ほかのユーザで発生しているか確認できていない。
2020-09-10 通信SVで動作するSquidで、データをキャッシュしないように設定変更。（by奥村）"	""	通常	スポット保守	2020-07-29	00:00:00	0					0	0	0	""	131	282	0	2020-07-29 01:53:38.656932	2020-09-15 00:12:57.268062	10	801	7	144	"石川県,鹿島中部浄化センター,日報帳票の運転時間と積算値が時々０になる。
月報と集計データが合わない。,OBSA7に格納されている日報データは正常に入っているため、取得タイミング・取得ロジックの関係でクラウドサーバ（comsrv）がデータを取りこぼしている可能性が高い。
2020-09-10 現地Apacheのログから、新しいファイルを送信している事が分かったが、通信PGのログからは同じファイルを処理しているように見える。Squidのログに
正常時：1599700481.650   1105 127.0.0.1 TCP_REFRESH_UNMODIFIED/200 2995 GET http://10.47.234.7/csv/nippou/20200909/NIPPOU.zip - HIER_DIRECT/10.47.234.7 application/zip
異常時：1599657317.017  59678 127.0.0.1 TCP_REFRESH_FAIL_OLD/200 2966 GET http://10.47.234.7/csv/nippou/20200909/NIPPOU.zip - HIER_DIRECT/10.47.234.7 application/zip
となっているため、異常時はSquidがキャッシュしたファイルを返していると判断。,継続して処置を検討します。ほかの施設でも同様の事象が発生していることを確認したが、ほかのユーザで発生しているか確認できていない。
2020-09-10 通信SVで動作するSquidで、データをキャッシュしないように設定変更。（by奥村）,,,131,282,中能登町,株式会社柿本商会,nakanoto"	0							0	
172	1	千葉県	2	水郷町ポンプ場他	下水道課メールアドレス「gesui2@city.katori.lg.jp」宛てに警報発生・復旧メールが届かない。	クラウド/var/log/mail.logを確認した所、正常に送信されている旨のメッセージが記載されていた事から、市役所のメールサーバーのセキュリティの影響で受信拒否された事が原因と考えられる。	開発メンバーから、メール文面内にリンクが記載されていると、受信拒否される可能性があるとの見解で、到達確認とE-Quiasのログイン画面のURLの記載を削除した状態のフォーマットに変更し、12/2警報発生メールの受信テストを行った所、上記メールアドレス宛に正常に受信できた事を確認した。	"上記のフォーマットに変更すると、到達確認が出来ないだけでなく、メールを受信する時間帯が設定してある場合、受信しない時間から受信する時間になってもメールが送信されなくなる為、このまま運用するのは好ましくないと考える。
よって、市役所のメールサーバーのセキュリティを変更してもらうよう荏原実業に依頼する必要がある為、口頭ではなく文面で説明する方が誤解も防ぐことが出来るので、報告書を提出する必要がある。"	通常	スポット保守	2020-11-30	02:00:00	2			2020-12-02	06:00:00	0	0	0	""	143	土井副本部長	0	2020-12-03 04:52:43.306144	2020-12-03 04:52:43.306144	9	619	14	97	""	0							0	
169	1	岐阜県	2	駅前１本町１	"通信異常が大量に発生する。その影響で、試運転の時に出した警報メールが届くのが遅い。



"	"試運転を開始する前に、T_SHORIを変更して、通信PGの再読み込みを行った際、日報収集する時間と重なった事が原因。恵那の場合、通信異常がでるタイミングが０秒で設定しているため、日報収集が失敗し、通信異常が多く発生する事となった。


"	"三部くんのメールより

社内テストの際には以下のことに気を付けてください。
172.16.65.2への通報失敗は通信PGの再起動を行う（日報収集の時間をさける）
・通報が遅延するのは社内テストの際に通信PGの再起動を行っていなかった
・現況が取得できない際はF_CONNECTをF→Tにして通信PGの設定再読み込みを行う。"	""	通常	""	2020-11-26	01:00:00	1.5			2020-11-26	02:30:00	0	0	0	""	123	""	1	2020-11-26 04:21:20.070463	2020-11-26 04:55:15.588757	3	938	1	39	"岐阜県,駅前１本町１,通信異常が大量に発生する。その影響で、試運転の時に出した警報メールが届くのが遅い。


,試運転を開始する前に、T_SHORIを変更して、通信PGの再読み込みを行った際、日報収集する時間と重なった事が原因。恵那の場合、通信異常がでるタイミングが０秒で設定しているため、日報収集が失敗し、通信異常が多く発生する事となった。

,三部くんのメールより

社内テストの際には以下のことに気を付けてください。
172.16.65.2への通報失敗は通信PGの再起動を行う（日報収集の時間をさける）
・通報が遅延するのは社内テストの際に通信PGの再起動を行っていなかった
・現況が取得できない際はF_CONNECTをF→Tにして通信PGの設定再読み込みを行う。,,,123,,恵那市,未定,ena_gesui"	0							0	
93	1	兵庫県	5	緑ヶ丘4丁目サイホン排水ポンプ、大鹿7丁目樋門	"倉住さんより連絡有り
2施設で7月31日から通信障害が発生している
"	"PING は通るがログイン画面が表示されない状態
大鹿7丁目樋門はとても遅いながらにログが取れました
  ppp_check_error
  Ping check error (lan)
が出ていることから通信ﾓｼﾞｭｰﾙの故障かもしれません
2020/09/07
荏原実業山田様が現地にて調査いただきましたところルーターの故障であることが判明しました"	"原因切り分け用コルソス（社内保守品）を送付(9/3)し、現地にて交換してみる（9/7の予定）
2020/09/07
ルーターを修理交換します（コルソスも怪しいですがまずルーターを交換します）"	""	通常	スポット保守	2020-09-01	06:45:00	0.5					0	0	0	""	32	""	0	2020-09-01 07:11:25.996965	2020-09-10 08:58:10.769463	7	1191	14	163	"兵庫県,緑ヶ丘4丁目サイホン排水ポンプ、大鹿7丁目樋門,倉住さんより連絡有り
2施設で7月31日から通信障害が発生している,PING は通るがログイン画面が表示されない状態
大鹿7丁目樋門はとても遅いながらにログが取れました
  ppp_check_error
  Ping check error (lan)
が出ていることから通信ﾓｼﾞｭｰﾙの故障かもしれません
2020/09/07
荏原実業山田様が現地にて調査いただきましたところルーターの故障であることが判明しました,原因切り分け用コルソス（社内保守品）を送付(9/3)し、現地にて交換してみる（9/7の予定）
2020/09/07
ルーターを修理交換します（コルソスも怪しいですがまずルーターを交換します）,,,32,,伊丹市,荏原実業株式会社,itami_c"	0							0	
92	1	""	1	浦富配水池	"鳥取電業様より連絡
図面を見ても【配水池水位異常】という信号を取り組んでいなかったようだが、
最近頻繁に発生/復旧が出ている。
★要望★水位計の故障が予想されるので、水位計を更新するまで【浦富配水池　低水位】、【浦富配水池　高水位】、
【配水池水位】を可能であれば検出時間を600秒にして欲しい。

（機種がCSDXなので検出時間は300ミリ秒～60秒までしか出来ないと伝達）
設定可能な最大の60秒で良い。

20200901追記
・水位計が故障したため閾値警報を無くしてほしい。
・　【浦富配水池　低水位】、
　　【浦富配水池　高水位】
　の検出時間を10秒にしてほしい。"	"調べたところ【配水池水位異常】の警報はコルソスのアナログ閾値設定から出ている。
ｱﾅﾛｸﾞ信号4-20mAのうち
HH 15.6mA上回るときと
L     12mAを下回るとき
どっちらも【配水池水位異常】として警報を発報する。

20200901追記

"	"【浦富配水池　低水位】、
【浦富配水池　高水位】、
【配水池水位】
の検出時間を5秒→60秒に設定変更した。

20200901追記
・配水池水位の閾値警報を無しに設定を変更した。
・【浦富配水池　低水位】、
　【浦富配水池　高水位】
　の検出時間を10秒に変更した。"	水位計更新後は検出時間を元に戻してほしい。	""	""	2020-08-31	08:00:00	2					0	0	0	""	315	堀	0	2020-08-31 09:42:35.679461	2020-09-01 07:34:06.563805	5	1301	1	71	",浦富配水池,鳥取電業様より連絡
図面を見ても【配水池水位異常】という信号を取り組んでいなかったようだが、
最近頻繁に発生/復旧が出ている。
★要望★水位計の故障が予想されるので、水位計を更新するまで【浦富配水池　低水位】、【浦富配水池　高水位】、
【配水池水位】を可能であれば検出時間を600秒にして欲しい。

（機種がCSDXなので検出時間は300ミリ秒～60秒までしか出来ないと伝達）
設定可能な最大の60秒で良い。

20200901追記
・水位計が故障したため閾値警報を無くしてほしい。
・　【浦富配水池　低水位】、
　　【浦富配水池　高水位】
　の検出時間を10秒にしてほしい。,調べたところ【配水池水位異常】の警報はコルソスのアナログ閾値設定から出ている。
ｱﾅﾛｸﾞ信号4-20mAのうち
HH 15.6mA上回るときと
L     12mAを下回るとき
どっちらも【配水池水位異常】として警報を発報する。

20200901追記
,【浦富配水池　低水位】、
【浦富配水池　高水位】、
【配水池水位】
の検出時間を5秒→60秒に設定変更した。

20200901追記
・配水池水位の閾値警報を無しに設定を変更した。
・【浦富配水池　低水位】、
　【浦富配水池　高水位】
　の検出時間を10秒に変更した。,水位計更新後は検出時間を元に戻してほしい。,,315,堀,岩美町,未定,iwamicho"	0							0	
89	1	長野県	1	南岩尾処理場	"浅間清掃高橋様より
通信できないと連絡あり（8/24嶋寺受け）
調査の結果電話回線に異常があると判断した
"	"電話回線が切れている
"	"8/26電話回線復旧（現地作業：朝倉）
現場から警報を出したが発報しない（ﾌｯｸあがらないﾀﾞｲﾔﾙしない）
社内から呼び出したところ電話は鳴るがﾓﾃﾞﾑが応答しない（ﾗﾝﾌﾟ点滅しない）
CPUﾘｾｯﾄするとLED（警報）ﾗﾝﾌﾟが一旦消灯し再度点灯することからCPUは動作しているものと思われる
"	"交換するモデムが無いためコルソス置き換えを勧めています
\\sofinet4\SHARE\52-障害報告書（Q&A）\障害報告書（佐久市南岩尾処置場子機故障）20200826.doc


"	通常	""	2020-08-24		1	2020-08-26				1	0		""	32	嶋寺、朝倉	0	2020-08-27 00:20:03.935043	2020-09-02 07:27:22.438825	7	866	17	117	"長野県,南岩尾処理場,浅間清掃高橋様より
通信できないと連絡あり（8/24嶋寺受け）
調査の結果電話回線に異常があると判断した,電話回線が切れている,8/26電話回線復旧（現地作業：朝倉）
現場から警報を出したが発報しない（ﾌｯｸあがらないﾀﾞｲﾔﾙしない）
社内から呼び出したところ電話は鳴るがﾓﾃﾞﾑが応答しない（ﾗﾝﾌﾟ点滅しない）
CPUﾘｾｯﾄするとLED（警報）ﾗﾝﾌﾟが一旦消灯し再度点灯することからCPUは動作しているものと思われる,交換するモデムが無いためコルソス置き換えを勧めています
\\sofinet4\SHARE\52-障害報告書（Q&A）\障害報告書（佐久市南岩尾処置場子機故障）20200826.doc

,,32,嶋寺、朝倉,佐久市,日本ソフト開発株式会社,saku_c"	0							0	
174	1	三重県	2	名1-0A1	アナログ値がフリーズしている	"11月10日頃からアナログ値がフリーズしています。
AD変換ボードのフリーズと思われます。"	後日予備機と交換します。（日程は後日連絡）	リモート接続で状況確認まで	通常	年間保守	2020-12-08	05:00:00	0.25			2020-12-08	05:35:00	0	0	0	""	50	""	0	2020-12-08 07:33:30.225982	2020-12-08 07:33:30.225982	10	1069	17	222	""	0							0	
94	1	大阪府	2	[No73]北畠3丁目MP	"クリアウォーターOSAKA　タカガキ様より連絡

図面回路上、「放流先水位高」の警報が出っている間、ポンプは運転しないはずだが、
運転履歴上、運転していたとなっている。
"	"クラウドの「運転履歴」と現場のコルソス内部「動作履歴」を照らし合わせた結果
「放流先水位高」の警報がONの間
ポンプが運転していた
としか判断できない。
実際に現場側のポンプが運転した可能性が高いと伝達。"	無し	""	通常	""	2020-09-02	06:30:00	0.25			2020-09-02	06:40:00	0	0	0	""	315	""	0	2020-09-02 07:33:14.538298	2020-09-02 07:37:17.510187	5	1140	1	17	"大阪府,[No73]北畠3丁目MP,クリアウォーターOSAKA　タカガキ様より連絡

図面回路上、「放流先水位高」の警報が出っている間、ポンプは運転しないはずだが、
運転履歴上、運転していたとなっている。,クラウドの「運転履歴」と現場のコルソス内部「動作履歴」を照らし合わせた結果
「放流先水位高」の警報がONの間
ポンプが運転していた
としか判断できない。
実際に現場側のポンプが運転した可能性が高いと伝達。,無し,,,315,,大阪市,未定,oosaka_c"	0							0	
95	1	静岡県	1	コマツテクノセンター	コマツテクノセンターより、現況画面が更新されないとの連絡。	"ルータとＫＶはリモートから参照可能
OBSが参照出来ない為、コマツテクノセンターの佐藤さんに現地にて電源再投入して頂いたが復活せず。"	"元請の青木あすなろ建設さんより原因を調べてほしいとの事で、一旦は代替機を発送（ＭＡ）
メーカにて調査依頼予定"	""	""	""	2020-09-03	03:45:00	0					0	0	0	""	56	""	0	2020-09-03 08:18:51.801207	2020-09-03 08:18:51.801207	4	972	1	222	""	0							0	
129	1	福島県	2	北部浄化センター	"8月4日（火）10時30分頃：監視システムが起動しておらず、画面が真っ黒な状態になっている。サーバの電源を再投入したが、OSの起動処理も行えない状態だった。
8月7日（金）10時30分頃：CE（手配はNEC-PF手戸様）にてマザーボードを交換し、OSは起動したが、
１．社内からリモート接続が出来ない。
２．監視システムのメニューを起動しようとすると、「ファイルが見つかりません」とのエラーメッセージが表示される。"	"１．はipconfigにてサーバに設定されているIPアドレスを確認したが、資料と異なるIPアドレスが設定されていた。確認すると、サーバに接続されているLANケーブルが誤ったポートに接続されていた。（正しくはサーバの2番ポートに接続する）
２．はレジストリのシステムパスが誤ったディレクトリに指定されていた為。正しくは、sofinet\binを指定する。
"	"上記に記載
"	サーバの機種：FC-E16U、2023年9月まで保守は可能	通常	スポット保守	2020-08-04	01:30:00	0	2020-08-18	04:00:00	2020-08-18	05:00:00	1	5	336	""	143	""	0	2020-09-05 02:48:38.581968	2020-09-05 02:48:38.581968	9	358	20	222	""	0							0	
130	1	埼玉県	2	ネオポリス調整池・三ケ島工業団地東調整池	ネオポリス調整池は、LM-100の電源が起動していない。三ケ島工業団地東調整池は、通報ユニットのPOWER・LINE・MODE・CHECKランプが左から点滅し、再起動を繰り返している。	両機場共、落雷が原因	両機場共、LM-100・コルソ通報ユニットを交換する方向で進める。	"三ケ島工業団地東調整池は、ルータ（HL330-BT→LM-100）とSIM（FOMA→LTE）も交換するよう依頼がありました。
エンドユーザー：所沢市上下水道局　森田様、寺岡様"	通常	スポット保守	2020-08-13	02:00:00	0			2020-09-14		1	2	336	""	143	""	0	2020-09-05 02:57:25.214867	2020-09-05 02:57:25.214867	9	528	17	1	""	0							0	
131	1	長野県	2	下馬場MP	日報の自動収集にて、前日の情報が親局に表示されない。	CFカードの故障	8月24（月）定期点検時にCFカードを交換した。	""	通常	年間保守	2020-08-17	01:00:00	0			2020-08-24	06:00:00	0.5	2	0	""	143	""	0	2020-09-05 03:05:37.619352	2020-09-05 03:05:37.619352	9	866	4	222	""	0							0	
128	1	岐阜県	2	丸池第２マンホールポンプ場	"通信異常が復旧しない
"	"検出待ち時間を０分に設定しているため
毎朝4時の再起動時に出ることがあるがその後復旧しない
ルーター（LM-100）の故障
"	"社内保守品（恵那市用）を代替機として送付し
故障したルーターを返送頂いて修理対応する

故障ルーター：10.47.237.244
代替ルーター：10.47.238.152

"	"代替ルータは恵那市大井MPで動作していたルータです（故障修理品）
"	通常	スポット保守	2020-09-03		0.5					0	0	0	""	32	三部	0	2020-09-04 04:59:54.764386	2020-09-07 00:13:17.415332	7	938	1	39	"岐阜県,丸池第２マンホールポンプ場,通信異常が復旧しない,検出待ち時間を０分に設定しているため
毎朝4時の再起動時に出ることがあるがその後復旧しない
ルーター（LM-100）の故障,社内保守品（恵那市用）を代替機として送付し
故障したルーターを返送頂いて修理対応する

故障ルーター：10.47.237.244
代替ルーター：10.47.238.152
,代替ルータは恵那市大井MPで動作していたルータです（故障修理品）,,32,三部,恵那市,未定,ena_gesui"	0							0	
132	1	鳥取県	1	中山第5配水池	"9/2に通信異常発生
雷でコルソスが故障

"	"9/7にNECから鳥取電業に代替品到着
しかし拡張IOボードは付いていなかったので再度取付けに行く

それから現況が取れるか見直す。
"	"NECからきた連絡で鳥取電業に直葬してもらった。
計測値に関する項目は拡張ボードに集まっていたので
1週間計測値が取れない。"	""	通常	""	2020-09-03	04:00:00	0.5			2020-09-09	03:00:00	0	0	124	""	298	""	0	2020-09-08 02:21:06.306866	2020-09-08 02:21:06.306866	8	1310	1	130	""	0							0	
133	1	福岡県	2	伊左座マンホールポンプ	"8/28から運転履歴の計測値の折れ線グラフが何も入らない
それ以外には帳票が入っている。"	"原因
原田さんが現地のコルソスの交換対応をしてくださったが
時刻設定をしていなかったため、3分間定時記録で2061年の物が入っていた。
そのせいで計測値の記録の最新時間が2061年になってしまい。
2020年8-9月の計測値が収集できなかった。"	"日報収集後、コルソスの履歴のリセットと、DBのトレンドの2061年の物を削除
8/28から運転履歴の計測値の折れ線グラフは対応日9/8の2日前の9/6までの物なら遡って収集できた
DXの仕様でそれ以前のデータは残らない"	""	通常	""	2020-09-08	00:30:00	1.5			2020-09-08	03:00:00	0	0	0	""	298	315	0	2020-09-08 02:30:12.100714	2020-09-08 02:30:12.100714	8	1545	1	28	""	0							0	
135	1	兵庫県	2	親局（オンプレ）	"一般ユーザでログインしているのに自動でログオフされてしまう
"	"ログイン後放置（10分）すると自動的にログオフされてしまう
（再現性有り）（Edge でも Firefox でも再現できる）
"	"調査中
"	"他のオンプレでもクラウドでも聞いたことがない
"	通常	スポット保守			1					0	0	0	""	32	奥村	0	2020-09-10 09:03:49.49375	2020-09-10 09:03:49.49375	7	1212	1	222	""	0							0	
173	1	福島県	2	中部浄化センター	上記機場のテスコ事務所にあるクライアントPCに、「Operating System not found」のメッセージが表示されており、PCが起動しない。	"ＨＤＤ故障。11月末のコルソスCSDJへの更新工事の対向試験に伺った時、UPSバッテリー交換ランプが消灯していた事から、バッテリー交換作業で、誤ってクライアントPCの電源を落とした可能性が高い。
クライアント機種：Express5800 GT110a　ＯＳ：WindowsServer2003"	対応は検討中。ＯＳは、WindowsServer2012（64bit）でも動作可能だが、セットアップをしている時間がとれない為、対応は難しい。	SofinetWaterをインストールしないなら、市役所事務所（上記機場内にある）にもSofinetWaterがインストールされているクライアントがあり、そのクライアントをＶＮＣでアクセスして閲覧してもいいかもしれない。	通常	スポット保守	2020-11-25	23:30:00	0					0.5	0	0	""	143	""	0	2020-12-03 05:11:19.925641	2020-12-03 05:11:19.925641	9	358	20	222	""	0							0	
137	1	長野県	2	今井MP	"水ing佐久管理所  キツギ様より
今井マンホールポンプ(岩村田地区)で
点検で1号ポンプ故障をあげたが親局へ届かない。リトライしても届かない。
親局から個別に日報収集してみたら収集できた。
"	"コルソスの通報履歴に「E_90」が残っていた
親局の警報着信番号に電話をしてもフックがあがらない
"	"親局の再起動を実施した
"	"（親局の再起動後は10分待ちましょう）
（今井MPは岩村田地区ではなく中込原地区です）
"	通常	スポット保守	2020-09-11	06:30:00	1.5			2020-09-11	09:00:00	0	0	2	""	32	奥村	0	2020-09-11 07:47:08.380078	2020-09-11 07:59:09.159938	7	866	17	117	"長野県,今井MP,水ing佐久管理所  キツギ様より
今井マンホールポンプ(岩村田地区)で
点検で1号ポンプ故障をあげたが親局へ届かない。リトライしても届かない。
親局から個別に日報収集してみたら収集できた。,コルソスの通報履歴に「E_90」が残っていた
親局の警報着信番号に電話をしてもフックがあがらない,親局の再起動を実施した,（親局の再起動後は10分待ちましょう）
（今井MPは岩村田地区ではなく中込原地区です）,,32,奥村,佐久市,日本ソフト開発株式会社,saku_c"	0							0	
138	1	奈良県	2	苣原・仁興地区処理場	PH計故障が頻繁に発生するので待機時間を5秒から30秒に延長してほしい	PH計の調子が悪く頻繁に信号が出ている。	リモートでコルソスの設定を変更した。	""	""	""	2020-09-14	00:00:00	0.25			2020-09-14	00:15:00	0	0	0	""	131	""	0	2020-09-14 02:38:34.621555	2020-09-14 02:38:34.621555	6	1229	1	106	""	0							0	
136	1	兵庫県	2	上莇原処理場	"PLCが停止している（電源ﾕﾆｯﾄは動作しているようだ）
"	"PLC（L02CPU）が停止している

その後コルソスも故障していることが判明した
"	"2020/05/26　PLC本体交換
データ設定は社内で実施し現地は北山工商にて実施

本体：FX3U-128M/ES(S/N 2030386)
増設：FX3U-FLROM-16（本体内蔵済）
"	"コルソスも故障していることが判明したため交換した2020/09/08

コルソス交換後日報と月報の積算値が違うと連絡があった
日報の合計は1時間毎に収集した合計だが月報はコルソスのデータを取りに行くため交換後のデータとなり数値に差ができました
DBのデータを修正することで対応しました
"	通常	スポット保守			0					0	0	0	""	32	""	0	2020-09-10 09:19:29.714458	2020-09-14 00:18:42.80178	7	1212	1	222	"兵庫県,上莇原処理場,PLCが停止している（電源ﾕﾆｯﾄは動作しているようだ）,PLC（L02CPU）が停止している

その後コルソスも故障していることが判明した,2020/05/26　PLC本体交換
データ設定は社内で実施し現地は北山工商にて実施

本体：FX3U-128M/ES(S/N 2030386)
増設：FX3U-FLROM-16（本体内蔵済）,コルソスも故障していることが判明したため交換した2020/09/08

コルソス交換後日報と月報の積算値が違うと連絡があった
日報の合計は1時間毎に収集した合計だが月報はコルソスのデータを取りに行くため交換後のデータとなり数値に差ができました
DBのデータを修正することで対応しました,,32,,たつの市,未定,未定"	0							0	
67	1	三重県	1	親局	ディスプレィが表示されない。	おそらくディスプレィの故障。	"黒田様にて確認。
ディスプレィ故障の為手配する。
７月２７日か２８日に現地対応予定

7月27日現地にて交換対応"	""	""	""	2020-07-22	04:00:00	0.5	2020-07-27	01:00:00	2020-07-27	03:00:00	1	3	0	""	56	131	0	2020-07-22 06:43:07.321797	2020-09-14 02:34:44.166167	6	1074	1	222	"三重県,親局,ディスプレィが表示されない。,おそらくディスプレィの故障。,黒田様にて確認。
ディスプレィ故障の為手配する。
７月２７日か２８日に現地対応予定

7月27日現地にて交換対応,,,56,131,いなべ市,未定,未定"	0							0	
139	1	三重県	2	中央親局	UPSのバッテリーが劣化し、アラーム音が鳴っている。	""	UPSバッテリーを交換した。	""	通常	スポット保守	2020-09-07	04:00:00	0.25	2020-09-11	01:00:00	2020-09-11	03:00:00	2	2.5	0	""	131	""	0	2020-09-14 02:40:51.318531	2020-09-14 02:40:51.318531	6	1074	1	222	""	0							0	
140	1	三重県	2	十社中部9号MP	「通信異常」が頻繁に発生するので調査してほしい。	現地確認したところアンテナケーブルが切断されていた。	アンテナを821B-2.5-SMAPに交換し盤内収納とした。	""	通常	スポット保守	2020-09-11	02:00:00	0	2020-09-11	03:00:00	2020-09-11	05:00:00	3.5	2	0	""	131	""	0	2020-09-14 02:44:55.493148	2020-09-14 02:44:55.493148	6	1074	1	222	""	0							0	
141	1	兵庫県	2	親局	"外部確認を行うと既に復旧した警報が音声で流れる。

（三田市役所下水道課奥さんより連絡）"	"8月19日にWindowsが強制終了してしまい、それ以降同現象が発生しているようです。
（telchatch.exeが現在警報ファイルsofinet\def\tellist.datを正常に編集できないまま終了したため）
"	tellist.datから不要なデータを削除しました。	""	通常	スポット保守	2020-09-14	07:00:00	0.5			2020-09-14	07:30:00	0	0	0	""	131	""	0	2020-09-14 07:32:01.832197	2020-09-14 07:32:01.832197	6	1202	1	222	""	0							0	
183	1	兵庫県	2	西広畑P	"西広畑Pで発生した警報メールがとんでこないが直接メールが飛んでくる（ウツミ様より）
"	"25日発生の警報が受信履歴に残っていない
ｺﾙｿｽの履歴によるとｻｰﾊﾞｰに通報した履歴が無い（失敗した履歴が無い）
24日11:48:47にﾛｸﾞｲﾝ履歴があるため確認したところ現地にて通報先ｱﾄﾞﾚｽの修正を行ったらしくその時にﾀﾞｲﾚｸﾄﾒｰﾙ通報にﾁｪｯｸを入れてしまったようだ
"	"ﾀﾞｲﾚｸﾄﾒｰﾙのﾁｪｯｸを外した
通報試験は先方にて実施していただくようお願いしました
"	"後で、
・菅生台Ｐ　修正無し
・揖保川第一Ｐ　修正有り
・阿干雨水Ｐ　修正有り
・中島Ｐ　修正無し
の4ヶ所も修正して欲しいと依頼があったので対応したがそちらでやってほしいものです。"	通常	スポット保守	2020-12-25	04:30:00	1			2020-12-25	05:40:00	0	0	0	""	32	""	0	2020-12-25 05:41:05.745476	2020-12-25 08:34:20.054067	7	1185	1	222	"兵庫県,西広畑P,西広畑Pで発生した警報メールがとんでこないが直接メールが飛んでくる（ウツミ様より）,25日発生の警報が受信履歴に残っていない
ｺﾙｿｽの履歴によるとｻｰﾊﾞｰに通報した履歴が無い（失敗した履歴が無い）
24日11:48:47にﾛｸﾞｲﾝ履歴があるため確認したところ現地にて通報先ｱﾄﾞﾚｽの修正を行ったらしくその時にﾀﾞｲﾚｸﾄﾒｰﾙ通報にﾁｪｯｸを入れてしまったようだ,ﾀﾞｲﾚｸﾄﾒｰﾙのﾁｪｯｸを外した
通報試験は先方にて実施していただくようお願いしました,後で、
・菅生台Ｐ　修正無し
・揖保川第一Ｐ　修正有り
・阿干雨水Ｐ　修正有り
・中島Ｐ　修正無し
の4ヶ所も修正して欲しいと依頼があったので対応したがそちらでやってほしいものです。,,32,,姫路市,未定,未定"	0							0	
134	1	長崎県	1	佐々町浄水場	"クラウドチェック　エラー
現況はOK
日報が止まっている。

20200915追記
NSKから送った新しいSDカードと交換してもらい、復旧を確認した。
"	"調査の結果
OBSの動作は正常
KV-5000内部で日報保存処理が止まっている。
KV-5000のSDカード故障が疑われる。
"	"➀お客様にて新しいSDカードを購入して頂き、交換作業を依頼した。
②NSKから新しいSDカードを送付した。

※交換作業の手順書をメールにて案内した。"	""	通常	スポット保守	2020-09-10	00:00:00	2			2020-09-10	02:00:00	0	0	0	""	315	嶋寺副本部長、奥村副Ｇ長	0	2020-09-10 04:45:23.799035	2020-09-15 00:27:03.553229	5	1609	1	47	"長崎県,佐々町浄水場,クラウドチェック　エラー
現況はOK
日報が止まっている。

20200915追記
NSKから送った新しいSDカードと交換してもらい、復旧を確認した。,調査の結果
OBSの動作は正常
KV-5000内部で日報保存処理が止まっている。
KV-5000のSDカード故障が疑われる。,➀お客様にて新しいSDカードを購入して頂き、交換作業を依頼した。
②NSKから新しいSDカードを送付した。

※交換作業の手順書をメールにて案内した。,,,315,嶋寺副本部長、奥村副Ｇ長,佐々町,未定,_small_users"	0							0	
175	1	和歌山県	2	親局PC	"田辺市役所
市民環境部環境課生活排水係　オオタ様より
11月26日から日報が取れていないので見て欲しい（全施設対象）"	"モデムの認識が消える（ﾃﾞﾊﾞｲｽﾏﾈｰｼﾞｬでﾊｰﾄﾞｳｪｱ更新すると復活するがまた消える）
ためモデムの故障が考えられます

現地にてﾓﾃﾞﾑを入れ替えても症状変わらず（織田E対応）
結局電話回線の異常でした（明日工事に来てくれるそうです）"	"PG再起動したが復活せず（ﾀｽｸｽｹｼﾞｭｰﾗにより calsrv, menu, cpijyo を起動した）
社内から親局ﾓﾃﾞﾑに電話するとﾌｯｸは上がるが切れてしまう（またはﾌｯｸがあがらない）
社内の保守用ﾓﾃﾞﾑ（ME56）を仮設置し様子を見るとともに原因の切り分けを行う
ﾓﾃﾞﾑが原因であると判断したときは12月24日に保守点検の予定があるのでﾓﾃﾞﾑは新規購入し入れ替える予定
現場側は個別に接続（ﾀﾞｲﾔﾙｱｯﾌﾟ）したが正常に接続できた
2020/12/10織田Eにて現地でﾓﾃﾞﾑ交換したが改善せず（電話回線が原因でした）

2020/12/24現地にてメモリ交換を実施したが改善せず（PPP着信接続時にブルースクリーンが発生する）、ブルースクリーンビューワでログを解析したところVirtualBox上のネットワークアダプタドライバに不具合が出ているようなのでVirtualBoxを最新版に再インストールしたところ正常に接続できるようになりました。"	"オンプレ版
アナログ電話回線仕様
現場はコルソス（CSDX）
web接続およびVNC接続にて対応する
警報は親局にも通報するが現場から音声通報している
"	通常	スポット保守	2020-12-10	00:30:00	2.5	2020-12-24	02:00:00	2020-12-24	08:00:00	10	12		""	32	斉田	0	2020-12-10 02:51:01.441787	2020-12-27 10:50:44.214736	6	1271	1	222	"和歌山県,親局PC,田辺市役所
市民環境部環境課生活排水係　オオタ様より
11月26日から日報が取れていないので見て欲しい（全施設対象）,モデムの認識が消える（ﾃﾞﾊﾞｲｽﾏﾈｰｼﾞｬでﾊｰﾄﾞｳｪｱ更新すると復活するがまた消える）
ためモデムの故障が考えられます

現地にてﾓﾃﾞﾑを入れ替えても症状変わらず（織田E対応）
結局電話回線の異常でした（明日工事に来てくれるそうです）,PG再起動したが復活せず（ﾀｽｸｽｹｼﾞｭｰﾗにより calsrv, menu, cpijyo を起動した）
社内から親局ﾓﾃﾞﾑに電話するとﾌｯｸは上がるが切れてしまう（またはﾌｯｸがあがらない）
社内の保守用ﾓﾃﾞﾑ（ME56）を仮設置し様子を見るとともに原因の切り分けを行う
ﾓﾃﾞﾑが原因であると判断したときは12月24日に保守点検の予定があるのでﾓﾃﾞﾑは新規購入し入れ替える予定
現場側は個別に接続（ﾀﾞｲﾔﾙｱｯﾌﾟ）したが正常に接続できた
2020/12/10織田Eにて現地でﾓﾃﾞﾑ交換したが改善せず（電話回線が原因でした）

2020/12/24現地にてメモリ交換を実施したが改善せず（PPP着信接続時にブルースクリーンが発生する）、ブルースクリーンビューワでログを解析したところVirtualBox上のネットワークアダプタドライバに不具合が出ているようなのでVirtualBoxを最新版に再インストールしたところ正常に接続できるようになりました。,オンプレ版
アナログ電話回線仕様
現場はコルソス（CSDX）
web接続およびVNC接続にて対応する
警報は親局にも通報するが現場から音声通報している,,32,斉田,田辺市,未定,未定"	0							0	
184	1	長野県	2	親局	サーバが度々フリーズする。	"システムログを確認すると時々Disc2のエラーが発生しており、外付けディスク故障の可能性が有る。
"	外付けHDDを取り外して様子を見ることとした。	""	通常	年間保守	2020-12-27	08:00:00	1			2020-12-27	11:00:00	0	0	0	""	131	""	0	2020-12-27 11:28:14.499957	2020-12-27 11:28:14.499957	6	866	1	222	""	0							0	
142	1	長野県	2	佐久市親局	"9月17日日報収集時
親局と子局の日報収集ができなくなった。

水ing様よりご連絡があった。"	"COMSRV_MULTIとSOFINET　のログには子局とのセッションが貼れず、
データの収集ができない状態になっていた。"	"現状再起動しか手がないため、

親局PCを再起動をした。
（10分の待ち時間）
その後現地の施設と接続ができることを確認し、
日報収集を再開した。
（syusyu.exe AUTOを使用）"	"佐久市親局は破損の恐れがあるため、
PCの負荷や通信不具合の発生率は高まっている。

再起動の判断理由は一部施設への接続ではなく、全施設と接続ができない状態が継続して続いていたため再起動を行った。
（ログを確認し、斉田Eに報告し確認し再起動を行った）

"	""	スポット保守	2020-09-17	00:50:00	2			2020-09-17	05:55:00	0	0	0	""	292	斉田E	0	2020-09-17 02:02:38.690574	2020-09-17 05:58:01.766306	14	866	1	222	"長野県,佐久市親局,9月17日日報収集時
親局と子局の日報収集ができなくなった。

水ing様よりご連絡があった。,COMSRV_MULTIとSOFINET　のログには子局とのセッションが貼れず、
データの収集ができない状態になっていた。,現状再起動しか手がないため、

親局PCを再起動をした。
（10分の待ち時間）
その後現地の施設と接続ができることを確認し、
日報収集を再開した。
（syusyu.exe AUTOを使用）,佐久市親局は破損の恐れがあるため、
PCの負荷や通信不具合の発生率は高まっている。

再起動の判断理由は一部施設への接続ではなく、全施設と接続ができない状態が継続して続いていたため再起動を行った。
（ログを確認し、斉田Eに報告し確認し再起動を行った）
,,292,斉田E,佐久市,未定,未定"	0							0	
143	1	大阪府	2	[No.44]真田山公園排水ポンプ	"クリアウォーター　タカガキ様より
通信異常　調査依頼"	"2020年9月15日　15時19分頃から17時09分の間　通信異常が発生
異常発生中のHL330とCSDXに異常動作は見当たらない。（pppチェックエラーやrebootの記録なし）
クラウドcomsrvのログによると日報収集時接続失敗（connect time out）による通信異常

NTTdocomoホームページにて　工事のお知らせ（関西）を調査したところ
---------------------------------------------------------------------------------------------------------
9月15日(火曜)                              |　大阪市中央区、東大阪市　　|　音声およびパケット通信が、
午前8時30分～午後8時のうち 　|                                                   |　ご利用いただけない場合があります。
7時間程度                                    |                                                   |　（当該工事時間中であっても
                                                　 |                                                   | 　周辺基地局などの電波により、ご利用可能な場合もあります。）
---------------------------------------------------------------------------------------------------------
おそらく工事でNTT回線が切られたことが考えられる。"	上の調査の内容を伝え、了承得ました。	""	""	""	2020-09-17	02:00:00	1			2020-09-17	03:00:00	0	0	0	""	315	""	0	2020-09-17 04:04:07.34754	2020-09-17 04:04:58.167434	5	1140	1	17	"大阪府,[No.44]真田山公園排水ポンプ,クリアウォーター　タカガキ様より
通信異常　調査依頼,2020年9月15日　15時19分頃から17時09分の間　通信異常が発生
異常発生中のHL330とCSDXに異常動作は見当たらない。（pppチェックエラーやrebootの記録なし）
クラウドcomsrvのログによると日報収集時接続失敗（connect time out）による通信異常

NTTdocomoホームページにて　工事のお知らせ（関西）を調査したところ
---------------------------------------------------------------------------------------------------------
9月15日(火曜)                              |　大阪市中央区、東大阪市　　|　音声およびパケット通信が、
午前8時30分～午後8時のうち 　|                                                   |　ご利用いただけない場合があります。
7時間程度                                    |                                                   |　（当該工事時間中であっても
                                                　 |                                                   | 　周辺基地局などの電波により、ご利用可能な場合もあります。）
---------------------------------------------------------------------------------------------------------
おそらく工事でNTT回線が切られたことが考えられる。,上の調査の内容を伝え、了承得ました。,,,315,,大阪市,未定,oosaka_c"	0							0	
144	1	滋賀県	2	高野処理場	流量が8月初旬からカウントされない。	"原水ポンプを運転し、PM1000（積算プリンタ）の入力を80%程度にしてもFlowが0%のままです。
PM1000のパルス出力をショートすると、監視装置のカウントが上がります。
"	PM1000の修理を役所へ依頼しました。	PM1000は当社保守範囲外	通常	年間保守	2020-09-16	06:00:00	0	2020-09-17	04:30:00	2020-09-17	06:00:00	1.5	2	0	""	50	""	0	2020-09-17 07:40:09.438325	2020-09-17 07:41:02.472512	10	1104	17	222	"滋賀県,高野処理場,流量が8月初旬からカウントされない。,原水ポンプを運転し、PM1000（積算プリンタ）の入力を80%程度にしてもFlowが0%のままです。
PM1000のパルス出力をショートすると、監視装置のカウントが上がります。,PM1000の修理を役所へ依頼しました。,PM1000は当社保守範囲外,,50,,東近江市,日本ソフト開発株式会社,未定"	0							0	
145	1	兵庫県	2	高平上P16	"三田市下水道課　本庄様より
高平上P16の孫機が親局とつながらない
"	"社内から電話をかけてみたがフックが上がらない
"	"本庄様に電話にて連絡した
・こちらから電話してもフックが上がらない
・孫機かもしれないが電話回線もあやしい
・現地の電話器から電話がかけられるか確認していただきたい
・電話が掛けられなかった場合回線の異常です
・電話がつながった場合また連絡ください
"	"2020/09/23結局それ以降電話はありませんでした
"	通常	""	2020-09-18		0					0	0	0	""	32	""	0	2020-09-18 04:31:59.751432	2020-09-23 06:46:03.317181	7	1202	1	70	"兵庫県,高平上P16,三田市下水道課　本庄様より
高平上P16の孫機が親局とつながらない,社内から電話をかけてみたがフックが上がらない,本庄様に電話にて連絡した
・こちらから電話してもフックが上がらない
・孫機かもしれないが電話回線もあやしい
・現地の電話器から電話がかけられるか確認していただきたい
・電話が掛けられなかった場合回線の異常です
・電話がつながった場合また連絡ください,2020/09/23結局それ以降電話はありませんでした,,32,,三田市,未定,sanda_c"	0							0	
176	1	長野県	2	オンプレ親局	日報収集がエラーになって進まなくなった	CALSRV_MultiのCPU Usageが高いまま応答なしになっており、フリーズしている	CALSRV_Multiの再起動後SYUSYU_Multiの再実行（2タスク）を行い、正常に収集が進むことを確認	"リモート保守
ログファイルを
\\sofinet4\share\ASNET\ENDUSER\SofinetWater\20長野県\佐久市MP\保守記録\20201216CALSRV_Multiフリーズ
に保管"	通常	年間保守	2020-12-16	01:00:00	1			2020-12-16	02:00:00	0	0	0	""	50	""	0	2020-12-16 01:59:54.224719	2020-12-16 01:59:54.224719	10	866	4	222	""	0							0	
182	1	鳥取県	1	延興寺浄水場	"12/19の17時にコルソス停電が起こり
12/19の18時に通信異常が発生。

HL-330にアクセスできない。


12/25日報収集ができなくて通信異常が頻発"	"12/21の昼に現地に人が行った。
洪が対応を行いHL-330の電源がついていないこととコルソスの電源がついていることはわかった。
"	"12/23に交換用のHL-330とSIM故障も考慮してSIMを同封して郵送。


12/25の日報収集失敗は1分あたりの記録がCSDXだと2日しか保持できないのに
1週間分の履歴を取ろうとしてタイムアウトしていた
30分かけても取れなかったのは現地のが古いから
奥村さんがダミーをかませてくれてとれる範囲を取ったことで解決した。"	"郵送が遅れた要因は以下3点
・先週の岩美町の異常がHUBの故障だけで済んだのでそれかもしれないと考えていたこと
・HL-330が故障していた場合にどうするのかの話ができていなかった、その場合どの機器をどのように設定して送ればいいのかが曖昧だった。
このHL-330は仮に送ったとしても、一時的なものでLTEに変えるという話も出ていたのでHL-330の設定をしていなかった。
・22日にHL-330を延興寺浄水場向けに設定して鳥取電業の岩美担当の方に送ってほしいと指示を出して、それをできる余裕がある人がいなかったので22日に設定をしていなかった。"	通常	""	2020-12-21	00:30:00	2.5			2020-12-25	08:00:00	0	120	0	""	298	洪 奥村	0	2020-12-23 00:51:02.189944	2020-12-28 00:07:11.89496	8	1301	1	71	"鳥取県,延興寺浄水場,12/19の17時にコルソス停電が起こり
12/19の18時に通信異常が発生。

HL-330にアクセスできない。


12/25日報収集ができなくて通信異常が頻発,12/21の昼に現地に人が行った。
洪が対応を行いHL-330の電源がついていないこととコルソスの電源がついていることはわかった。,12/23に交換用のHL-330とSIM故障も考慮してSIMを同封して郵送。


12/25の日報収集失敗は1分あたりの記録がCSDXだと2日しか保持できないのに
1週間分の履歴を取ろうとしてタイムアウトしていた
30分かけても取れなかったのは現地のが古いから
奥村さんがダミーをかませてくれてとれる範囲を取ったことで解決した。,郵送が遅れた要因は以下3点
・先週の岩美町の異常がHUBの故障だけで済んだのでそれかもしれないと考えていたこと
・HL-330が故障していた場合にどうするのかの話ができていなかった、その場合どの機器をどのように設定して送ればいいのかが曖昧だった。
このHL-330は仮に送ったとしても、一時的なものでLTEに変えるという話も出ていたのでHL-330の設定をしていなかった。
・22日にHL-330を延興寺浄水場向けに設定して鳥取電業の岩美担当の方に送ってほしいと指示を出して、それをできる余裕がある人がいなかったので22日に設定をしていなかった。,,298,洪 奥村,岩美町,未定,iwamicho"	0							0	
166	1	兵庫県	1	本庄浄化センター	"三田市下水道課　イザクラ様より
本庄浄化センターで、親局から日報収集ができない（接続できないとメッセージが出る）
現場に電話をかけると電話器は鳴るが応答しない

どうやら青野浄化センターでも同じことが発生しているようです
"	"本庄浄化センター：社内から電話してみたが呼び出し音は鳴るがフックが上がらない

青野浄化センター：タニモト様に現場にて電話回線チェックを実施していただいたところ電話回線に異常があると思われます"	"監視装置の電源を切って１分以上待って再度電源を入れてフックが上がるか試験を依頼した（現場の本庄様に依頼した）
16:25本庄浄化センターは電源ﾘｾｯﾄしても復旧しなかった。原因を調査して欲しいと依頼があった（後日連絡します）

15:55 タニモト様より電話があり電源ﾘｾｯﾄを試していただいたが復旧せず（青野浄化センター）回線に問題がありそうです
2020/11/20 17:15 ウエダ様より電話あり回線は大丈夫だったようで故障の原因調査をしてほしいと連絡がありましたが行けないため通報装置を外して送ってもらうことにします
"	"本庄浄化センターはモデム故障であると話をしたが報告書を作成しないといけないので原因を特定して欲しいと依頼があった（接触不良などはないかとか）

17:40 本庄様より再度電源を落として配線を抜き差ししたら復旧したということです
"	通常	スポット保守	2020-11-18	06:15:00	0.5					0	0	0	""	32	""	0	2020-11-18 06:31:55.448485	2020-11-20 09:11:04.173913	7	1202	17	222	"兵庫県,本庄浄化センター,三田市下水道課　イザクラ様より
本庄浄化センターで、親局から日報収集ができない（接続できないとメッセージが出る）
現場に電話をかけると電話器は鳴るが応答しない

どうやら青野浄化センターでも同じことが発生しているようです,本庄浄化センター：社内から電話してみたが呼び出し音は鳴るがフックが上がらない

青野浄化センター：タニモト様に現場にて電話回線チェックを実施していただいたところ電話回線に異常があると思われます,監視装置の電源を切って１分以上待って再度電源を入れてフックが上がるか試験を依頼した（現場の本庄様に依頼した）
16:25本庄浄化センターは電源ﾘｾｯﾄしても復旧しなかった。原因を調査して欲しいと依頼があった（後日連絡します）

15:55 タニモト様より電話があり電源ﾘｾｯﾄを試していただいたが復旧せず（青野浄化センター）回線に問題がありそうです
2020/11/20 17:15 ウエダ様より電話あり回線は大丈夫だったようで故障の原因調査をしてほしいと連絡がありましたが行けないため通報装置を外して送ってもらうことにします,本庄浄化センターはモデム故障であると話をしたが報告書を作成しないといけないので原因を特定して欲しいと依頼があった（接触不良などはないかとか）

17:40 本庄様より再度電源を落として配線を抜き差ししたら復旧したということです,,32,,三田市,日本ソフト開発株式会社,未定"	0							0	
147	1	長野県	2	常和処理場	"日報収集に失敗する。
・監視装置（新子機）の電源が入らない
　・現場到着時、主電源ブレーカが切れていたので、入れてみたが、電源が入らない。
　・電源入力にはAC200Vが来ている。"	"内部電源ユニットが故障しています。
電源ユニットボード上のヒューズが切れていたのと、主電源ブレーカが落ちていたことから、サージ等異常な電圧が入力されたものと想定します。"	"施設が閉鎖された、田口本村処理場で使用していた監視装置のケースに、常和処理場のCPUボードを入れ、置き換えました。
現況表示、警報通報共正常動作を確認しました。"	"正常に動作する新子機として、桜井処理場にあったものを浅間清掃様に保管頂いております。
当社で修理待ちになっていたが、修理しないことになった横根処理場の監視装置は、電源・モデムが故障しており、CPUボードも動作を確認する必要があります。"	通常	年間保守	2020-09-18	23:30:00	0	2020-09-18	06:00:00	2020-09-18	07:30:00	1.5	8	24	""	50	""	0	2020-09-23 00:50:34.656895	2020-09-23 00:50:34.656895	10	866	17	222	""	0							0	
146	1	長野県	2	中央監視親局	毎朝の日報自動収集にて約40施設で日報未取得の状態になる。	8月の定期点検にてアナログモデムを交換したが、交換したアナログモデムがOHのランプが点灯した後、すぐに消灯するという動作になり、日報取得が行われていない。	"ターミナルアダプタの故障。嶋寺副本部長にターミナルアダプタ交換の為、下水道管理センターに訪問して頂いた。
会社保管の保守用TA（アレクソン TD480）と交換し、2回線とも使用できることを確認しました。"	正常に日報自動収集が動作したかについては、翌日確認する。	通常	年間保守	2020-09-14	01:00:00	0	2020-09-18	07:30:00	2020-09-18	09:30:00	2	8	0	""	143	嶋寺副本部長	0	2020-09-18 12:58:50.486853	2020-09-23 00:53:13.09109	10	866	4	222	"長野県,中央監視親局,毎朝の日報自動収集にて約40施設で日報未取得の状態になる。,8月の定期点検にてアナログモデムを交換したが、交換したアナログモデムがOHのランプが点灯した後、すぐに消灯するという動作になり、日報取得が行われていない。,ターミナルアダプタの故障。嶋寺副本部長にターミナルアダプタ交換の為、下水道管理センターに訪問して頂いた。
会社保管の保守用TA（アレクソン TD480）と交換し、2回線とも使用できることを確認しました。,正常に日報自動収集が動作したかについては、翌日確認する。,,143,嶋寺副本部長,佐久市,水ingAM株式会社,未定"	0							0	
156	1	兵庫県	2	下内神１MP	"2020年7月30日から水位が表示できない。
水位計変換器を交換したが変わらず0のまま。"	ハネロンが故障している。	ハネロンを交換した。	""	通常	スポット保守	2020-10-08		0	2020-10-19	04:00:00	2020-10-19	06:00:00	2	4	0	""	131	""	0	2020-10-08 05:05:16.498312	2021-01-07 05:00:43.256297	6	1202	17	70	"兵庫県,下内神１MP,2020年7月30日から水位が表示できない。
水位計変換器を交換したが変わらず0のまま。,ハネロンが故障している。,ハネロンを交換した。,,,131,,三田市,日本ソフト開発株式会社,sanda_c"	0							0	
188	1	兵庫県	2	下井沢３	2020年１月９日から、水位が0mのまま変化しない。	"ポンプ電流は計測できているため、水位計からハネロンの間に以上があるものと思われますが、現地調査の必要があります。
1月8日に現地調査の結果、AI1の故障と判明。"	"AI1からAI4に水位信号を振り替えました。
現況、帳票も振り替え、正常表示を確認しています。"	"ハネロンでは、T_METERDEVIで入力位置を変更できない。
"	通常	年間保守	2021-01-07	04:30:00	0.5	2021-01-08	04:00:00	2021-01-08	06:00:00	0	4	0	""	50	""	0	2021-01-07 06:01:49.438205	2021-01-09 05:04:20.499197	10	1202	17	222	"兵庫県,下井沢３,2020年１月９日から、水位が0mのまま変化しない。,ポンプ電流は計測できているため、水位計からハネロンの間に以上があるものと思われますが、現地調査の必要があります。
1月8日に現地調査の結果、AI1の故障と判明。,AI1からAI4に水位信号を振り替えました。
現況、帳票も振り替え、正常表示を確認しています。,ハネロンでは、T_METERDEVIで入力位置を変更できない。,,50,,三田市,日本ソフト開発株式会社,未定"	0							0	
190	1	香川県	1	西浦山加圧ポンプ場	通信異常が頻発している	"ルーターのログを確認したところ
アンテナレベルが0～1が続いており再起動を繰り返している

ログ抜粋
21/01/28, 07:37:52,  ANTENNA_0
21/01/28, 07:37:52,  @ANTCHK:LTE,-125,-127
21/01/28, 07:37:57,  ANTENNA_1
21/01/28, 07:37:58,  @ANTCHK:LTE,-125,-127
21/01/28, 07:41:57,  ppp_check_error"	"対策
アンテナレベルが０になる原因を調査し対策する
ドコモの増幅器を導入しているということですが正常稼働しているでしょうか
"	"https://www.fuso-fics.net/
"	通常	スポット保守	2021-01-28	00:36:00	1		01:30:00	2021-01-28		0	0	0	""	32	""	0	2021-01-28 01:29:43.426321	2021-01-28 01:29:43.426321	7	1439	10	136	""	0							0	
189	1	広島県	2	DSセンターマンホールポンプ場	"警報が頻繁に出る
警報水位という警報が何回も来る"	""	""	""	""	""	2021-01-12	04:15:00	0					0	0	0	""	298	""	0	2021-01-12 08:00:25.565369	2021-02-09 07:05:24.762403	3	1387	1	222	"広島県,DSセンターマンホールポンプ場,警報が頻繁に出る
警報水位という警報が何回も来る,,,,,298,,神石高原町,未定,未定,プログラム,,データ更新,,警報が頻繁に出るので検出時間を5秒から60秒に伸ばした"	1	04:15:00	04:40:00	プログラム	""	データ更新	""	0	警報が頻繁に出るので検出時間を5秒から60秒に伸ばした
194	1	新潟県	2	東城処理区No.2中継ポンプ場	今年の１月７日から通信異常が頻発している。	"クラウト通信サーバーからLM-100宛てにpingを送信した所、応答が有ったが、KV宛てにpingを送信したが、応答が無かった為、
KV関連機器の故障と断定した。
後程、WA平野様から現場KVの写真を送って頂いた所、KV-7500の電源が入っておらず、16点入力ユニット（2個）上部のランプが赤色に点灯していた。"	上記機器の交換が必要。	""	通常	スポット保守	2021-01-08	05:00:00	1					0	0	0	""	143	""	0	2021-02-05 02:23:34.705986	2021-02-05 02:23:34.705986	9	765	8	120	""	0							0	
187	1	長野県	1	岩倉高区配水池	1月6日4時から発生している通信異常が復旧しない。	"5日4時にも通信異常が発生し、13時30頃に復旧した。
lm-100の状態がオレンジ点滅、接続が緑点滅している。

追記
午前中の電波状態が悪いことが考えられる。

追記2
しばらく経つとまた繋がらなくなった。"	"同時刻に復旧するか確認し、復旧すればログを確認する。

追記
定時に再起動しないように設定した。
"	""	通常	""	2021-01-06	00:40:00	0.5					0	0	0	""	326	""	0	2021-01-06 02:09:35.027321	2021-02-08 04:14:43.841799	6	904	16	131	"長野県,岩倉高区配水池,1月6日4時から発生している通信異常が復旧しない。,5日4時にも通信異常が発生し、13時30頃に復旧した。
lm-100の状態がオレンジ点滅、接続が緑点滅している。

追記
午前中の電波状態が悪いことが考えられる。

追記2
しばらく経つとまた繋がらなくなった。,同時刻に復旧するか確認し、復旧すればログを確認する。

追記
定時に再起動しないように設定した。,,,326,,南木曽町,日本エンヂニヤ株式会社,nagisomachi"	0							0	
70	1	和歌山県	2	東光寺2号	通信できない	"原因不明のため、一旦電源リセットを実施していただいた
翌日役場からの連絡にて、復旧確認"	""	役場担当　キシさん	""	""	2020-07-27	01:00:00	0			2020-07-28	00:00:00	0	0	0	""	50	""	0	2020-07-27 02:08:44.165629	2021-02-09 05:31:59.847816	10	1283	17	222	"和歌山県,東光寺2号,通信できない,原因不明のため、一旦電源リセットを実施していただいた
翌日役場からの連絡にて、復旧確認,,役場担当　キシさん,,50,,日高町,日本ソフト開発株式会社,未定"	0							0	
168	1	滋賀県	2	小浜マンホールポンプ場	"2020年10月から通信異常が頻発する。HL-330とCSDX
ルータのログを見ると
SMS_CHECK_ERRORや  ERROR	 check SIM Card!のログが見られ
接続監視の  Ping check error (wan)を3回繰り返して再起動をしている。

何もない日は通信異常が出ない程度に再起動を行い、だめな時は午前中に数回再起動を行っている。
通信異常は基本的に12時前後に出る。
つまり9時ごろから再起動を行っている。"	"ERROR	 check SIM Card!なのでSIMが認識できていないか読み取れない時があるかもしれない？
  MODULE_FIRMWARE A-REVISION 01.000.16とモジュールのバージョンはモジュールエラーが出るバージョンだが出ているわけではない。"	""	""	通常	スポット保守	202011-11-25	05:15:00	0.5					0	0	0	""	298	""	0	2020-11-25 05:37:44.756809	2021-02-09 06:29:25.172992	3	1098	1	4	"滋賀県,小浜マンホールポンプ場,2020年10月から通信異常が頻発する。HL-330とCSDX
ルータのログを見ると
SMS_CHECK_ERRORや  ERROR	 check SIM Card!のログが見られ
接続監視の  Ping check error (wan)を3回繰り返して再起動をしている。

何もない日は通信異常が出ない程度に再起動を行い、だめな時は午前中に数回再起動を行っている。
通信異常は基本的に12時前後に出る。
つまり9時ごろから再起動を行っている。,ERROR	 check SIM Card!なのでSIMが認識できていないか読み取れない時があるかもしれない？
  MODULE_FIRMWARE A-REVISION 01.000.16とモジュールのバージョンはモジュールエラーが出るバージョンだが出ているわけではない。,,,,298,,守山市,未定,moriyama"	0							0	
195	1	長野県	1	三留野浄水場	2月8日0時台から日報を取得できなくなっている。	OBSA7を再起動したところ起動できなくなったため、OBSA7の不調と判断	"代替機のMA350/NLを南木曽町松原様へ送付した。
2月9日以降に交換対応の予定"	""	通常	スポット保守	2021-02-08	04:00:00	1					0	0	0	""	131	""	0	2021-02-08 08:22:45.850417	2021-02-09 07:30:25.595128	3	904	16	131	"長野県,三留野浄水場,2月8日0時台から日報を取得できなくなっている。,OBSA7を再起動したところ起動できなくなったため、OBSA7の不調と判断,代替機のMA350/NLを南木曽町松原様へ送付した。
2月9日以降に交換対応の予定,,,131,,南木曽町,日本エンヂニヤ株式会社,nagisomachi,,,,,"	0			""	""	""	""	0	""
193	1	茨城県	2	親局サーバー	"全子局で１月分の日報が取得出来ていない。昨年の12月31日から日報収集処理が実行されていない。
c:\sofinet\def内のsofinet.xx.logファイルの2021年1月処理分のデータが全く作成されていない。"	日報収集を司るcomsrvが起動していなかった為。	"パソコンの再起動で翌日からの日報収集は起動するが、障害の問題としては大きいと思われる為、
役所にどう報告するか、欠損した１月分のデータはどうするか。障害対策会議を開き、対応を検討してから報告する必要がある。"	comsrvが起動していなかった原因は、親局サーバーのイベントログを確認し、どういう動きをしたかを調査する必要があるが、c:\windows\system32\winevt\log内のapplication.evtx,ssytem.evtxの容量が大きい為、リモートで閲覧が難しい為、現地で確認する必要がある。	通常	年間保守	2021-02-02	00:00:00	1			2021-02-02	02:00:00	0	0	0	""	143	""	0	2021-02-02 03:13:23.570752	2021-02-09 07:03:47.327044	3	446	17	222	"茨城県,親局サーバー,全子局で１月分の日報が取得出来ていない。昨年の12月31日から日報収集処理が実行されていない。
c:\sofinet\def内のsofinet.xx.logファイルの2021年1月処理分のデータが全く作成されていない。,日報収集を司るcomsrvが起動していなかった為。,パソコンの再起動で翌日からの日報収集は起動するが、障害の問題としては大きいと思われる為、
役所にどう報告するか、欠損した１月分のデータはどうするか。障害対策会議を開き、対応を検討してから報告する必要がある。,comsrvが起動していなかった原因は、親局サーバーのイベントログを確認し、どういう動きをしたかを調査する必要があるが、c:\windows\system32\winevt\log内のapplication.evtx,ssytem.evtxの容量が大きい為、リモートで閲覧が難しい為、現地で確認する必要がある。,,143,,小美玉市,日本ソフト開発株式会社,未定,障害対応,,照会のみ,,ログの確認"	1	00:30:00	01:30:00	障害対応	""	照会のみ	""	0	ログの確認
186	1	""	1	新潟ピーシーシー１	コルソスの取り換え作業	落雷によりコルソスが故障。	"現地は環境技研の担当者が、弊社は営業側（土田E/L)に連絡が入った。
コルソスのCHECKランプが激しく点滅しており、現地にて接点のON/OFFを行ってもらったが改善はされなかった。
その後、交換用のコルソスを現地にて取り換え（こちらは環境技研が対応）、弊社は設定データをリモートにて行い、作業は終了した。"	"問題の起こった施設は拡張IOボードを使用していた。
NECプラットフォームズの意見は標準ボードと拡張IOボードを故障したコルソスから引き抜き、
交換するコルソスに取り付ければよいと連絡を入れた。

しかし、これでもCHECKランプは激しく点滅をした。

理由は拡張IOボードのコネクタは二層になっている。
壊れたコルソスから拡張IOボードを取りだすと、多くの場合このコネクタが分離する形で外される。
この状態の拡張IOボードを取り付けを行っても、ただ単にねじ止めしている状態で正しくコルソスと接続はできていない。

以降このようなケースがあるかは不明だが年の瀬や長期休暇期間には駆け込みで何とかしてくれという対応がありかもしれないので、
ある程度の注意が必要かもしれない。"	""	スポット保守	2020-12-25		3			2020-12-25		0	0	0	""	292	土田（E/L)	0	2021-01-04 23:29:36.801468	2021-02-09 07:05:42.856888	3	1799	1	6	""	0							0	
192	1	兵庫県	3	つつじが丘ポンプ場	"現地で警報が出ている「貯留設備異常」（この警報は出ていて正常）
ﾌﾛｰ図でも警報になっているが、トップ画面の発生中警報に残っていない
三田市役所タニモトさまより（野原本部長経由）
"	"現象は内容の通りでｺﾙｿｽも警報状態になっている。
原因はｺﾙｿｽがﾓｰﾄﾞ２になっており警報を発報していなかった
"	"野原本部長経由で状況を伝えた
"	"ｺﾙｿｽの現況表示にてﾓｰﾄﾞ２であることは確認できたがﾓｰﾄﾞ変更の履歴が残っていなかった
"	通常	スポット保守	2021-02-01	02:30:00	1.5			2021-02-01	07:00:00	0	0	0	""	32	""	0	2021-02-01 07:29:48.403678	2021-02-09 07:29:45.18904	3	1202	1	70	"兵庫県,つつじが丘ポンプ場,現地で警報が出ている「貯留設備異常」（この警報は出ていて正常）
ﾌﾛｰ図でも警報になっているが、トップ画面の発生中警報に残っていない
三田市役所タニモトさまより（野原本部長経由）,現象は内容の通りでｺﾙｿｽも警報状態になっている。
原因はｺﾙｿｽがﾓｰﾄﾞ２になっており警報を発報していなかった,野原本部長経由で状況を伝えた,ｺﾙｿｽの現況表示にてﾓｰﾄﾞ２であることは確認できたがﾓｰﾄﾞ変更の履歴が残っていなかった,,32,,三田市,未定,sanda_c,,,,,"	0			""	""	""	""	0	""
196	1	長野県	1	親局	2月9日5時過ぎに全個所一斉に通信異常が発生し、19時現在復旧していない。	"ネッツワイヤレスの不具合により通信が不通となった。
ネッツワイヤレスのアナウンスでは16時22分ごろより22時にかけて不安定な状態が続いていた。
リアルタイムトレンドで断続的に現況データが取得できていたことが確認できる。"	22時前に全個所にて復旧したことを確認した。	""	""	""	2021-02-09	10:00:00	1			2021-02-09	13:00:00	0	0	0	""	131	""	0	2021-02-10 00:11:02.40373	2021-02-10 06:18:58.760815	3	883	21	222	""	0							0	
185	1	兵庫県	2	西広畑P他３施設	"警報がセンターに送られず直接メールが飛んでくる
"	"ｺﾙｿｽの履歴を見るとｾﾝﾀｰに送らずに直接ﾒｰﾙを発報していた
原因は通報先を変更しようと現地の担当者が設定ﾐｽしていたため
（ｻｰﾊﾞｰ通報ｸﾞﾙｰﾌﾟに直接ﾒｰﾙ設定をされていた）
"	"ﾘﾓｰﾄにて設定修正し通報試験はお客様にて実施頂くよう連絡した（内海様）
"	"ﾕｰｻﾞ側の設定ﾐｽを障害のように言われても困ったものです
設定変更されたのはWAカマタさんです"	通常	スポット保守	2021-01-25	05:00:00	3			2021-01-25	09:00:00	0	0	0	""	32	""	0	2021-01-04 08:28:37.469924	2021-02-12 06:09:05.083702	3	1185	1	222	""	0							0	
